-- ============================================================
-- IDOM ハンズオン: 環境セットアップ
-- ============================================================
-- このスクリプトはハンズオンの前提環境を構築します
-- 所要時間: 約5分（データ投入を含む）
--
-- 作成されるオブジェクト:
--   - IDOM_HANDSON データベース
--   - RAW_DATA スキーマ（4テーブル + サンプルデータ）
--   - DATA_MART スキーマ（空: ハンズオンで構築）
--   - AGENTS スキーマ（空: ハンズオンで構築）
--   - Git API Integration（Workspace 用）
-- ============================================================

USE ROLE ACCOUNTADMIN;
USE WAREHOUSE COMPUTE_WH;

-- ============================================================
-- 1. DATABASE & SCHEMAS
-- ============================================================
CREATE DATABASE IF NOT EXISTS IDOM_HANDSON;
CREATE SCHEMA IF NOT EXISTS IDOM_HANDSON.RAW_DATA;
CREATE SCHEMA IF NOT EXISTS IDOM_HANDSON.DATA_MART;
CREATE SCHEMA IF NOT EXISTS IDOM_HANDSON.AGENTS;

-- ============================================================
-- 2. RAW_DATA TABLES
-- ============================================================
USE SCHEMA IDOM_HANDSON.RAW_DATA;

CREATE OR REPLACE TABLE IDOM_HANDSON.RAW_DATA.STORES (
	STORE_ID VARCHAR(20) NOT NULL,
	STORE_NAME VARCHAR(100),
	REGION VARCHAR(50),
	PREFECTURE VARCHAR(20),
	CITY VARCHAR(50),
	STORE_TYPE VARCHAR(30),
	OPENING_DATE DATE,
	MANAGER_NAME VARCHAR(50),
	TARGET_MONTHLY_SALES NUMBER(12,0),
	TARGET_MONTHLY_CONTRACTS NUMBER(10,0),
	IS_ACTIVE BOOLEAN DEFAULT TRUE,
	CREATED_AT TIMESTAMP_NTZ(9) DEFAULT CURRENT_TIMESTAMP(),
	primary key (STORE_ID)
);

CREATE OR REPLACE TABLE IDOM_HANDSON.RAW_DATA.CONTRACTS (
	CONTRACT_ID VARCHAR(20) NOT NULL,
	NEGOTIATION_ID VARCHAR(20),
	STORE_ID VARCHAR(20),
	CUSTOMER_NAME VARCHAR(50),
	CAR_NAME VARCHAR(100),
	CONTRACT_TYPE VARCHAR(20),
	CONTRACT_PRICE NUMBER(12,0),
	TAX_AMOUNT NUMBER(12,0),
	PAYMENT_METHOD VARCHAR(30),
	LOAN_AMOUNT NUMBER(12,0),
	LOAN_TERM_MONTHS NUMBER(5,0),
	CONTRACT_DATE DATE,
	DELIVERY_DATE DATE,
	CONTRACT_STATUS VARCHAR(20),
	CREATED_AT TIMESTAMP_NTZ(9) DEFAULT CURRENT_TIMESTAMP(),
	primary key (CONTRACT_ID)
);

CREATE OR REPLACE TABLE IDOM_HANDSON.RAW_DATA.INSURANCE (
	INSURANCE_ID VARCHAR(20) NOT NULL,
	CONTRACT_ID VARCHAR(20),
	STORE_ID VARCHAR(20),
	CUSTOMER_NAME VARCHAR(50),
	INSURANCE_TYPE VARCHAR(30),
	INSURANCE_COMPANY VARCHAR(50),
	PREMIUM_AMOUNT NUMBER(10,0),
	COVERAGE_START DATE,
	COVERAGE_END DATE,
	IS_NEW_CONTRACT BOOLEAN,
	CREATED_AT TIMESTAMP_NTZ(9) DEFAULT CURRENT_TIMESTAMP(),
	primary key (INSURANCE_ID)
);

CREATE OR REPLACE TABLE IDOM_HANDSON.RAW_DATA.ACTIVITY_LOGS (
	RAW_DATA VARIANT
);

-- ============================================================
-- 3. RAW_DATA: INSERT SAMPLE DATA
-- ============================================================


-- IDOM_HANDSON.RAW_DATA.STORES: 50 rows
INSERT INTO IDOM_HANDSON.RAW_DATA.STORES (STORE_ID, STORE_NAME, REGION, PREFECTURE, CITY, STORE_TYPE, OPENING_DATE, MANAGER_NAME, TARGET_MONTHLY_SALES, TARGET_MONTHLY_CONTRACTS, IS_ACTIVE, CREATED_AT)
VALUES
  ('S001', 'ガリバー東京本店', '関東', '東京都', '港区', '直営', '2015-04-01', '田中太郎', 50000000, 80, TRUE, '2026-04-07 20:47:07.396000'),
  ('S002', 'ガリバー横浜店', '関東', '神奈川県', '横浜市', '直営', '2016-06-15', '佐藤花子', 40000000, 65, TRUE, '2026-04-07 20:47:07.396000'),
  ('S003', 'ガリバー大阪梅田店', '関西', '大阪府', '大阪市', '直営', '2015-08-01', '鈴木一郎', 45000000, 70, TRUE, '2026-04-07 20:47:07.396000'),
  ('S004', 'ガリバー名古屋店', '中部', '愛知県', '名古屋市', '直営', '2017-03-01', '高橋健一', 35000000, 55, TRUE, '2026-04-07 20:47:07.396000'),
  ('S005', 'ガリバー福岡店', '九州', '福岡県', '福岡市', '直営', '2018-01-15', '渡辺美穂', 30000000, 50, TRUE, '2026-04-07 20:47:07.396000'),
  ('S006', 'ガリバー札幌店', '北海道', '北海道', '札幌市', '直営', '2017-09-01', '伊藤裕太', 25000000, 40, TRUE, '2026-04-07 20:47:07.396000'),
  ('S007', 'ガリバー仙台店', '東北', '宮城県', '仙台市', 'FC', '2019-04-01', '山本直樹', 20000000, 35, TRUE, '2026-04-07 20:47:07.396000'),
  ('S008', 'ガリバー広島店', '中国', '広島県', '広島市', 'FC', '2019-07-01', '中村恵子', 22000000, 38, TRUE, '2026-04-07 20:47:07.396000'),
  ('S009', 'ガリバー埼玉店', '関東', '埼玉県', 'さいたま市', '直営', '2020-02-01', '小林大輔', 32000000, 50, TRUE, '2026-04-07 20:47:07.396000'),
  ('S010', 'ガリバー千葉店', '関東', '千葉県', '千葉市', 'FC', '2020-06-01', '加藤明美', 28000000, 45, TRUE, '2026-04-07 20:47:07.396000');



-- IDOM_HANDSON.RAW_DATA.CONTRACTS: 1150 rows
INSERT INTO IDOM_HANDSON.RAW_DATA.CONTRACTS (CONTRACT_ID, NEGOTIATION_ID, STORE_ID, CUSTOMER_NAME, CAR_NAME, CONTRACT_TYPE, CONTRACT_PRICE, TAX_AMOUNT, PAYMENT_METHOD, LOAN_AMOUNT, LOAN_TERM_MONTHS, CONTRACT_DATE, DELIVERY_DATE, CONTRACT_STATUS, CREATED_AT)
VALUES
  ('C0001', 'N0004', 'S004', '坂本由美', 'ホンダ フィット', '現金一括', 1856057, 185606, 'クレジット', 1299240, 70, '2025-04-28', '2025-05-12', '納車済', '2026-04-07 20:48:27.818000'),
  ('C0002', 'N0008', 'S009', '高木沙織', 'ホンダ ヴェゼル', 'ローン', 3193960, 319396, 'クレジット', 0, 0, '2025-07-28', '2025-08-21', '手続中', '2026-04-07 20:48:27.818000'),
  ('C0003', 'N0012', 'S008', '竹内真司', 'トヨタ アクア', '現金一括', 3878390, 387839, 'ディーラーローン', 2714873, 72, '2025-09-11', '2025-09-27', 'キャンセル', '2026-04-07 20:48:27.818000'),
  ('C0004', 'N0014', 'S007', '杉山恵子', 'マツダ CX-5', 'ローン', 4606150, 460615, 'クレジット', 3224305, 0, '2025-08-10', '2025-08-26', 'キャンセル', '2026-04-07 20:48:27.818000'),
  ('C0005', 'N0015', 'S006', '瀬戸浩二', 'マツダ CX-5', 'リース', 4286853, 428685, 'ディーラーローン', 3000797, 0, '2026-01-21', '2026-01-28', '納車済', '2026-04-07 20:48:27.818000'),
  ('C0006', 'N0016', 'S006', '寺田直樹', 'スズキ ジムニー', '現金一括', 2237604, 223760, '銀行振込', 1566323, 0, '2025-07-05', '2025-08-03', '納車済', '2026-04-07 20:48:27.818000'),
  ('C0007', 'N0017', 'S009', '寺田直樹', 'スバル フォレスター', 'リース', 5490694, 549069, 'クレジット', 0, 0, '2026-01-12', '2026-02-01', 'キャンセル', '2026-04-07 20:48:27.818000'),
  ('C0008', 'N0018', 'S008', '清水拓也', 'ホンダ ヴェゼル', 'リース', 4830998, 483100, 'クレジット', 0, 0, '2025-09-01', '2025-09-13', '納車済', '2026-04-07 20:48:27.818000'),
  ('C0009', 'N0024', 'S001', '上田浩二', 'ホンダ フィット', 'リース', 5453152, 545315, 'ディーラーローン', 0, 43, '2026-03-29', '2026-04-10', 'キャンセル', '2026-04-07 20:48:27.818000'),
  ('C0010', 'N0028', 'S009', '黒田麻衣', 'トヨタ ハリアー', 'ローン', 1553987, 155399, '銀行振込', 1087791, 25, '2025-07-31', '2025-08-15', 'キャンセル', '2026-04-07 20:48:27.818000'),
  ('C0011', 'N0031', 'S010', '木下大輔', 'トヨタ プリウス', 'ローン', 2489049, 248905, '銀行振込', 1742334, 0, '2026-04-10', '2026-04-26', '納車済', '2026-04-07 20:48:27.818000'),
  ('C0012', 'N0033', 'S007', '小松隆', 'トヨタ アルファード', 'リース', 3337262, 333726, 'ディーラーローン', 2336083, 66, '2025-06-17', '2025-06-26', '手続中', '2026-04-07 20:48:27.818000'),
  ('C0013', 'N0035', 'S009', '小松隆', 'トヨタ ハリアー', 'ローン', 3625191, 362519, '銀行振込', 2537634, 0, '2026-01-14', '2026-02-04', '納車済', '2026-04-07 20:48:27.818000'),
  ('C0014', 'N0037', 'S006', '寺田直樹', 'トヨタ アルファード', 'リース', 5521012, 552101, 'クレジット', 0, 21, '2025-09-09', '2025-09-21', '納車済', '2026-04-07 20:48:27.818000'),
  ('C0015', 'N0039', 'S009', '遠藤裕子', 'マツダ CX-5', 'ローン', 2129223, 212922, 'クレジット', 0, 74, '2025-09-21', '2025-10-19', '納車済', '2026-04-07 20:48:27.818000'),
  ('C0016', 'N0040', 'S002', '野村康平', 'スズキ ジムニー', 'リース', 1848268, 184827, 'クレジット', 0, 51, '2025-07-07', '2025-07-21', '納車済', '2026-04-07 20:48:27.818000'),
  ('C0017', 'N0043', 'S008', '小松隆', 'ホンダ ヴェゼル', '現金一括', 5093683, 509368, '銀行振込', 0, 0, '2026-04-05', '2026-04-30', 'キャンセル', '2026-04-07 20:48:27.818000'),
  ('C0018', 'N0044', 'S009', '小松隆', 'マツダ CX-5', 'リース', 5394214, 539421, 'クレジット', 0, 0, '2025-04-23', '2025-05-09', '手続中', '2026-04-07 20:48:27.818000'),
  ('C0019', 'N0047', 'S005', '清水拓也', 'トヨタ ハリアー', 'ローン', 4535600, 453560, '銀行振込', 0, 0, '2026-01-01', '2026-01-28', '納車済', '2026-04-07 20:48:27.818000'),
  ('C0020', 'N0049', 'S003', '清水拓也', 'スバル フォレスター', 'リース', 3356164, 335616, 'クレジット', 0, 63, '2026-04-01', '2026-04-17', 'キャンセル', '2026-04-07 20:48:27.818000'),
  ('C0021', 'N0050', 'S004', '木下大輔', 'トヨタ プリウス', 'リース', 5611802, 561180, '銀行振込', 0, 0, '2025-10-03', '2025-10-25', '納車済', '2026-04-07 20:48:27.818000'),
  ('C0022', 'N0053', 'S001', '木下大輔', 'トヨタ ハリアー', 'ローン', 2679234, 267923, 'クレジット', 0, 0, '2025-11-07', '2025-11-30', 'キャンセル', '2026-04-07 20:48:27.818000'),
  ('C0023', 'N0054', 'S005', '野村康平', '日産 ノート', 'リース', 4725432, 472543, 'ディーラーローン', 0, 0, '2025-07-28', '2025-08-06', '納車済', '2026-04-07 20:48:27.818000'),
  ('C0024', 'N0057', 'S008', '杉山恵子', 'トヨタ ハリアー', 'リース', 2283888, 228389, 'クレジット', 1598722, 19, '2026-03-31', '2026-04-17', '納車済', '2026-04-07 20:48:27.818000'),
  ('C0025', 'N0058', 'S005', '杉山恵子', '日産 ノート', 'ローン', 5193707, 519371, 'ディーラーローン', 0, 0, '2026-03-22', '2026-04-10', '納車済', '2026-04-07 20:48:27.818000'),
  ('C0026', 'N0063', 'S010', '清水拓也', 'トヨタ ハリアー', 'リース', 3761291, 376129, 'ディーラーローン', 2632904, 24, '2025-09-14', '2025-10-13', '納車済', '2026-04-07 20:48:27.818000'),
  ('C0027', 'N0070', 'S008', '高木沙織', 'ホンダ フィット', 'ローン', 2972297, 297230, 'クレジット', 0, 0, '2026-04-24', '2026-05-12', '納車済', '2026-04-07 20:48:27.818000'),
  ('C0028', 'N0074', 'S009', '寺田直樹', 'スズキ ジムニー', 'リース', 5606219, 560622, '銀行振込', 0, 0, '2025-09-26', '2025-10-08', '納車済', '2026-04-07 20:48:27.818000'),
  ('C0029', 'N0075', 'S008', '瀬戸浩二', 'トヨタ プリウス', '現金一括', 3902559, 390256, 'クレジット', 2731791, 67, '2026-03-29', '2026-04-22', 'キャンセル', '2026-04-07 20:48:27.818000'),
  ('C0030', 'N0078', 'S006', '大西康平', 'トヨタ ハリアー', 'ローン', 3914728, 391473, '銀行振込', 2740310, 0, '2025-06-26', '2025-07-16', '納車済', '2026-04-07 20:48:27.818000'),
  ('C0031', 'N0082', 'S004', '黒田麻衣', 'トヨタ アルファード', 'ローン', 4929900, 492990, 'クレジット', 0, 0, '2025-12-16', '2025-12-28', 'キャンセル', '2026-04-07 20:48:27.818000'),
  ('C0032', 'N0083', 'S004', '黒田麻衣', 'マツダ CX-5', 'ローン', 3454062, 345406, 'ディーラーローン', 2417843, 0, '2026-04-19', '2026-05-06', '手続中', '2026-04-07 20:48:27.818000'),
  ('C0033', 'N0085', 'S004', '竹内真司', 'トヨタ ハリアー', 'ローン', 871934, 87193, 'ディーラーローン', 610354, 31, '2025-07-07', '2025-07-31', 'キャンセル', '2026-04-07 20:48:27.818000'),
  ('C0034', 'N0086', 'S006', '上田浩二', 'ホンダ フィット', 'ローン', 2167304, 216730, '銀行振込', 0, 0, '2025-12-19', '2026-01-08', '納車済', '2026-04-07 20:48:27.818000'),
  ('C0035', 'N0087', 'S002', '高木沙織', 'トヨタ ハリアー', '現金一括', 4905178, 490518, '銀行振込', 0, 0, '2026-02-20', '2026-03-07', 'キャンセル', '2026-04-07 20:48:27.818000'),
  ('C0036', 'N0089', 'S003', '谷口明美', 'トヨタ プリウス', 'リース', 5004825, 500483, '銀行振込', 0, 21, '2025-08-30', '2025-09-20', '納車済', '2026-04-07 20:48:27.818000'),
  ('C0037', 'N0092', 'S002', '片桐美咲', 'ホンダ ヴェゼル', '現金一括', 2873424, 287342, 'クレジット', 2011397, 37, '2025-10-08', '2025-10-19', '手続中', '2026-04-07 20:48:27.818000'),
  ('C0038', 'N0097', 'S008', '池田真由美', 'トヨタ アクア', 'ローン', 2051687, 205169, 'ディーラーローン', 1436181, 0, '2025-04-15', '2025-04-29', '納車済', '2026-04-07 20:48:27.818000'),
  ('C0039', 'N0102', 'S010', '杉山恵子', 'スズキ ジムニー', 'リース', 4584755, 458476, '銀行振込', 3209329, 0, '2026-03-24', '2026-04-09', '納車済', '2026-04-07 20:48:27.818000'),
  ('C0040', 'N0103', 'S008', '杉山恵子', 'スズキ ジムニー', 'ローン', 964345, 96435, 'ディーラーローン', 675042, 13, '2025-07-23', '2025-08-03', '納車済', '2026-04-07 20:48:27.818000'),
  ('C0041', 'N0104', 'S010', '相川健太', 'トヨタ ハリアー', 'リース', 3713974, 371397, '銀行振込', 0, 72, '2025-08-03', '2025-08-20', '納車済', '2026-04-07 20:48:27.818000'),
  ('C0042', 'N0105', 'S008', '上田浩二', 'トヨタ プリウス', 'ローン', 4923311, 492331, 'クレジット', 3446318, 0, '2025-06-02', '2025-06-20', '手続中', '2026-04-07 20:48:27.818000'),
  ('C0043', 'N0109', 'S009', '大西康平', 'ホンダ フィット', 'リース', 5203127, 520313, 'クレジット', 0, 83, '2025-12-18', '2026-01-01', '納車済', '2026-04-07 20:48:27.818000'),
  ('C0044', 'N0110', 'S009', '上田浩二', 'スバル フォレスター', 'ローン', 2136619, 213662, 'クレジット', 1495633, 0, '2026-01-08', '2026-01-26', '手続中', '2026-04-07 20:48:27.818000'),
  ('C0045', 'N0113', 'S007', '寺田直樹', 'スズキ ジムニー', 'リース', 5533251, 553325, 'ディーラーローン', 3873276, 16, '2025-10-12', '2025-10-22', 'キャンセル', '2026-04-07 20:48:27.818000'),
  ('C0046', 'N0115', 'S008', '清水拓也', '日産 ノート', 'ローン', 3882304, 388230, '銀行振込', 0, 22, '2025-12-02', '2025-12-27', '手続中', '2026-04-07 20:48:27.818000'),
  ('C0047', 'N0118', 'S001', '遠藤裕子', 'ホンダ ヴェゼル', 'ローン', 4150430, 415043, '銀行振込', 0, 0, '2025-05-30', '2025-06-14', '納車済', '2026-04-07 20:48:27.818000'),
  ('C0048', 'N0121', 'S007', '青木翔', 'マツダ CX-5', '現金一括', 3136076, 313608, 'クレジット', 2195253, 22, '2026-03-08', '2026-03-20', '納車済', '2026-04-07 20:48:27.818000'),
  ('C0049', 'N0122', 'S008', '高木沙織', 'ホンダ フィット', '現金一括', 1435748, 143575, 'クレジット', 0, 0, '2025-12-25', '2026-01-15', '納車済', '2026-04-07 20:48:27.818000'),
  ('C0050', 'N0131', 'S009', '清水拓也', 'スズキ ジムニー', '現金一括', 3405514, 340551, 'ディーラーローン', 2383860, 43, '2025-04-25', '2025-05-16', 'キャンセル', '2026-04-07 20:48:27.818000');

INSERT INTO IDOM_HANDSON.RAW_DATA.CONTRACTS (CONTRACT_ID, NEGOTIATION_ID, STORE_ID, CUSTOMER_NAME, CAR_NAME, CONTRACT_TYPE, CONTRACT_PRICE, TAX_AMOUNT, PAYMENT_METHOD, LOAN_AMOUNT, LOAN_TERM_MONTHS, CONTRACT_DATE, DELIVERY_DATE, CONTRACT_STATUS, CREATED_AT)
VALUES
  ('C0051', 'N0137', 'S006', '高木沙織', 'トヨタ プリウス', 'リース', 1810730, 181073, '銀行振込', 1267511, 39, '2025-08-27', '2025-09-12', '手続中', '2026-04-07 20:48:27.818000'),
  ('C0052', 'N0140', 'S004', '坂本由美', 'トヨタ アクア', '現金一括', 3808950, 380895, 'クレジット', 0, 0, '2025-08-15', '2025-09-13', '納車済', '2026-04-07 20:48:27.818000'),
  ('C0053', 'N0141', 'S007', '清水拓也', 'トヨタ プリウス', '現金一括', 2239902, 223990, '銀行振込', 1567931, 0, '2025-07-30', '2025-08-22', '納車済', '2026-04-07 20:48:27.818000'),
  ('C0054', 'N0142', 'S010', '中島翔太', 'スズキ ジムニー', '現金一括', 3604165, 360417, 'クレジット', 0, 0, '2025-10-25', '2025-11-21', '納車済', '2026-04-07 20:48:27.818000'),
  ('C0055', 'N0145', 'S009', '谷口明美', 'ホンダ フィット', '現金一括', 4531728, 453173, '銀行振込', 0, 82, '2025-05-26', '2025-06-19', 'キャンセル', '2026-04-07 20:48:27.818000'),
  ('C0056', 'N0150', 'S009', '瀬戸浩二', 'トヨタ アクア', 'リース', 4335184, 433518, 'クレジット', 0, 52, '2025-07-23', '2025-07-31', '納車済', '2026-04-07 20:48:27.818000'),
  ('C0057', 'N0152', 'S010', '相川健太', 'ホンダ フィット', '現金一括', 1805438, 180544, '銀行振込', 0, 0, '2026-03-24', '2026-04-02', '納車済', '2026-04-07 20:48:27.818000'),
  ('C0058', 'N0153', 'S009', '小松隆', 'トヨタ プリウス', 'リース', 2649172, 264917, '銀行振込', 1854420, 81, '2025-12-26', '2026-01-17', '手続中', '2026-04-07 20:48:27.818000'),
  ('C0059', 'N0155', 'S007', '上田浩二', 'スバル フォレスター', 'ローン', 4810257, 481026, 'ディーラーローン', 3367180, 44, '2026-01-28', '2026-02-05', '手続中', '2026-04-07 20:48:27.818000'),
  ('C0060', 'N0156', 'S006', '野村康平', 'トヨタ アルファード', 'リース', 1207659, 120766, 'ディーラーローン', 845361, 65, '2025-10-14', '2025-11-05', 'キャンセル', '2026-04-07 20:48:27.818000'),
  ('C0061', 'N0157', 'S006', '池田真由美', '日産 ノート', '現金一括', 4828516, 482852, 'ディーラーローン', 3379961, 0, '2025-08-01', '2025-08-29', '手続中', '2026-04-07 20:48:27.818000'),
  ('C0062', 'N0160', 'S003', '寺田直樹', 'ホンダ ヴェゼル', 'リース', 4549663, 454966, 'ディーラーローン', 0, 0, '2026-01-23', '2026-02-10', '手続中', '2026-04-07 20:48:27.818000'),
  ('C0063', 'N0162', 'S005', '瀬戸浩二', 'ホンダ フィット', '現金一括', 5502585, 550259, '銀行振込', 3851810, 0, '2025-07-05', '2025-08-03', '納車済', '2026-04-07 20:48:27.818000'),
  ('C0064', 'N0164', 'S006', '相川健太', 'ホンダ フィット', 'ローン', 2761810, 276181, 'クレジット', 1933267, 0, '2025-12-06', '2026-01-05', 'キャンセル', '2026-04-07 20:48:27.818000'),
  ('C0065', 'N0166', 'S002', '野村康平', 'スバル フォレスター', 'リース', 5493140, 549314, 'クレジット', 3845198, 0, '2026-03-04', '2026-03-31', '手続中', '2026-04-07 20:48:27.818000'),
  ('C0066', 'N0169', 'S008', '寺田直樹', 'スズキ ジムニー', 'ローン', 4463092, 446309, '銀行振込', 0, 0, '2026-01-03', '2026-01-24', '納車済', '2026-04-07 20:48:27.818000'),
  ('C0067', 'N0173', 'S002', '杉山恵子', 'ホンダ ヴェゼル', 'ローン', 2065649, 206565, '銀行振込', 1445954, 39, '2025-12-21', '2026-01-06', '手続中', '2026-04-07 20:48:27.818000'),
  ('C0068', 'N0176', 'S010', '杉山恵子', '日産 ノート', 'ローン', 846737, 84674, 'クレジット', 0, 29, '2026-01-25', '2026-02-01', '納車済', '2026-04-07 20:48:27.818000'),
  ('C0069', 'N0182', 'S009', '坂本由美', 'ホンダ フィット', 'ローン', 2450981, 245098, '銀行振込', 1715687, 17, '2025-11-03', '2025-11-28', '納車済', '2026-04-07 20:48:27.818000'),
  ('C0070', 'N0183', 'S006', '谷口明美', 'トヨタ プリウス', 'ローン', 1758162, 175816, 'ディーラーローン', 0, 0, '2025-11-16', '2025-12-05', 'キャンセル', '2026-04-07 20:48:27.818000'),
  ('C0071', 'N0185', 'S010', '杉山恵子', 'スズキ ジムニー', 'リース', 2911510, 291151, '銀行振込', 0, 16, '2025-10-03', '2025-10-28', 'キャンセル', '2026-04-07 20:48:27.818000'),
  ('C0072', 'N0188', 'S010', '遠藤裕子', 'ホンダ ヴェゼル', '現金一括', 680371, 68037, 'クレジット', 0, 0, '2025-05-05', '2025-05-25', 'キャンセル', '2026-04-07 20:48:27.818000'),
  ('C0073', 'N0189', 'S005', '池田真由美', 'トヨタ アルファード', 'ローン', 1221344, 122134, 'クレジット', 854941, 0, '2026-03-14', '2026-04-01', '手続中', '2026-04-07 20:48:27.818000'),
  ('C0074', 'N0195', 'S006', '清水拓也', 'スバル フォレスター', 'リース', 3527873, 352787, '銀行振込', 0, 69, '2026-03-11', '2026-03-22', '納車済', '2026-04-07 20:48:27.818000'),
  ('C0075', 'N0198', 'S001', '寺田直樹', 'トヨタ アルファード', 'リース', 4376493, 437649, 'クレジット', 3063545, 27, '2026-03-10', '2026-03-22', '手続中', '2026-04-07 20:48:27.818000'),
  ('C0076', 'N0200', 'S002', '黒田麻衣', 'トヨタ アルファード', 'ローン', 2956238, 295624, 'クレジット', 2069367, 0, '2025-11-28', '2025-12-18', '納車済', '2026-04-07 20:48:27.818000'),
  ('C0077', 'N0204', 'S006', '小松隆', 'マツダ CX-5', '現金一括', 3361079, 336108, 'クレジット', 2352755, 15, '2025-11-10', '2025-11-24', '納車済', '2026-04-07 20:48:27.818000'),
  ('C0078', 'N0207', 'S002', '杉山恵子', 'ホンダ フィット', '現金一括', 5555512, 555551, 'ディーラーローン', 3888858, 0, '2025-09-21', '2025-10-01', '納車済', '2026-04-07 20:48:27.818000'),
  ('C0079', 'N0208', 'S006', '上田浩二', 'マツダ CX-5', 'リース', 4082971, 408297, 'クレジット', 2858080, 42, '2026-04-16', '2026-04-27', '手続中', '2026-04-07 20:48:27.818000'),
  ('C0080', 'N0211', 'S010', '寺田直樹', 'スバル フォレスター', 'ローン', 1164836, 116484, 'ディーラーローン', 815385, 0, '2026-02-02', '2026-02-26', 'キャンセル', '2026-04-07 20:48:27.818000'),
  ('C0081', 'N0212', 'S010', '黒田麻衣', 'マツダ CX-5', 'ローン', 2643378, 264338, 'クレジット', 1850365, 0, '2025-04-23', '2025-05-09', '納車済', '2026-04-07 20:48:27.818000'),
  ('C0082', 'N0218', 'S003', '寺田直樹', 'スバル フォレスター', 'リース', 3050639, 305064, 'ディーラーローン', 0, 0, '2025-09-09', '2025-10-06', '手続中', '2026-04-07 20:48:27.818000'),
  ('C0083', 'N0221', 'S007', '池田真由美', 'マツダ CX-5', 'ローン', 1935738, 193574, 'クレジット', 1355017, 0, '2026-03-22', '2026-04-11', '納車済', '2026-04-07 20:48:27.818000'),
  ('C0084', 'N0223', 'S004', '遠藤裕子', 'トヨタ プリウス', '現金一括', 3406895, 340690, '銀行振込', 0, 0, '2025-12-04', '2025-12-31', '納車済', '2026-04-07 20:48:27.818000'),
  ('C0085', 'N0225', 'S010', '小松隆', 'スバル フォレスター', 'ローン', 4676510, 467651, 'ディーラーローン', 0, 57, '2026-03-24', '2026-04-02', '納車済', '2026-04-07 20:48:27.818000'),
  ('C0086', 'N0226', 'S002', '坂本由美', 'トヨタ プリウス', '現金一括', 4111879, 411188, '銀行振込', 2878315, 31, '2025-05-03', '2025-05-29', '納車済', '2026-04-07 20:48:27.818000'),
  ('C0087', 'N0228', 'S003', '木下大輔', 'ホンダ フィット', 'リース', 1639114, 163911, 'クレジット', 1147380, 63, '2025-12-26', '2026-01-02', 'キャンセル', '2026-04-07 20:48:27.818000'),
  ('C0088', 'N0230', 'S002', '木下大輔', 'マツダ CX-5', 'ローン', 1974107, 197411, 'クレジット', 1381875, 0, '2025-08-14', '2025-08-26', '納車済', '2026-04-07 20:48:27.818000'),
  ('C0089', 'N0234', 'S003', '黒田麻衣', 'トヨタ アルファード', '現金一括', 1010829, 101083, '銀行振込', 707580, 79, '2025-04-10', '2025-05-07', '納車済', '2026-04-07 20:48:27.818000'),
  ('C0090', 'N0238', 'S001', '片桐美咲', 'マツダ CX-5', 'ローン', 2197565, 219757, '銀行振込', 1538296, 0, '2025-11-11', '2025-11-23', '納車済', '2026-04-07 20:48:27.818000'),
  ('C0091', 'N0248', 'S004', '黒田麻衣', 'ホンダ フィット', 'リース', 4963266, 496327, 'クレジット', 0, 14, '2025-08-16', '2025-08-27', '納車済', '2026-04-07 20:48:27.818000'),
  ('C0092', 'N0249', 'S006', '野村康平', 'ホンダ ヴェゼル', 'リース', 5397524, 539752, 'ディーラーローン', 0, 43, '2025-09-30', '2025-10-16', '手続中', '2026-04-07 20:48:27.818000'),
  ('C0093', 'N0250', 'S010', '高木沙織', 'トヨタ ハリアー', '現金一括', 956127, 95613, 'クレジット', 0, 69, '2025-05-28', '2025-06-26', '納車済', '2026-04-07 20:48:27.818000'),
  ('C0094', 'N0251', 'S007', '寺田直樹', '日産 ノート', '現金一括', 1206472, 120647, '銀行振込', 0, 0, '2025-06-26', '2025-07-21', '納車済', '2026-04-07 20:48:27.818000'),
  ('C0095', 'N0254', 'S005', '竹内真司', 'ホンダ フィット', 'リース', 3076489, 307649, 'クレジット', 2153542, 0, '2025-12-10', '2025-12-21', '納車済', '2026-04-07 20:48:27.818000'),
  ('C0096', 'N0258', 'S010', '寺田直樹', 'トヨタ アルファード', 'ローン', 5144114, 514411, '銀行振込', 0, 15, '2025-05-14', '2025-06-02', '手続中', '2026-04-07 20:48:27.818000'),
  ('C0097', 'N0259', 'S006', '大西康平', 'スズキ ジムニー', 'リース', 3245193, 324519, 'ディーラーローン', 2271635, 49, '2026-01-11', '2026-01-22', 'キャンセル', '2026-04-07 20:48:27.818000'),
  ('C0098', 'N0262', 'S005', '池田真由美', 'ホンダ フィット', 'リース', 1404794, 140479, 'ディーラーローン', 983356, 67, '2025-09-06', '2025-09-18', '手続中', '2026-04-07 20:48:27.818000'),
  ('C0099', 'N0265', 'S004', '竹内真司', '日産 ノート', '現金一括', 3993426, 399343, '銀行振込', 0, 37, '2026-01-17', '2026-02-13', '納車済', '2026-04-07 20:48:27.818000'),
  ('C0100', 'N0270', 'S004', '杉山恵子', 'ホンダ ヴェゼル', 'リース', 1618234, 161823, '銀行振込', 0, 38, '2025-10-12', '2025-11-09', 'キャンセル', '2026-04-07 20:48:27.818000');

INSERT INTO IDOM_HANDSON.RAW_DATA.CONTRACTS (CONTRACT_ID, NEGOTIATION_ID, STORE_ID, CUSTOMER_NAME, CAR_NAME, CONTRACT_TYPE, CONTRACT_PRICE, TAX_AMOUNT, PAYMENT_METHOD, LOAN_AMOUNT, LOAN_TERM_MONTHS, CONTRACT_DATE, DELIVERY_DATE, CONTRACT_STATUS, CREATED_AT)
VALUES
  ('C0101', 'N0276', 'S004', '瀬戸浩二', 'マツダ CX-5', 'ローン', 1602179, 160218, 'クレジット', 0, 25, '2025-05-23', '2025-06-01', '納車済', '2026-04-07 20:48:27.818000'),
  ('C0102', 'N0278', 'S004', '坂本由美', 'スズキ ジムニー', 'リース', 5423943, 542394, '銀行振込', 3796760, 58, '2025-12-08', '2025-12-16', '納車済', '2026-04-07 20:48:27.818000'),
  ('C0103', 'N0280', 'S010', '片桐美咲', 'スズキ ジムニー', 'リース', 2430749, 243075, '銀行振込', 1701524, 64, '2026-02-26', '2026-03-13', '納車済', '2026-04-07 20:48:27.818000'),
  ('C0104', 'N0282', 'S002', '大西康平', 'トヨタ プリウス', 'ローン', 3418458, 341846, 'クレジット', 0, 29, '2025-10-26', '2025-11-07', 'キャンセル', '2026-04-07 20:48:27.818000'),
  ('C0105', 'N0284', 'S006', '瀬戸浩二', '日産 ノート', 'リース', 4128152, 412815, '銀行振込', 2889706, 55, '2026-02-15', '2026-03-14', 'キャンセル', '2026-04-07 20:48:27.818000'),
  ('C0106', 'N0285', 'S007', '黒田麻衣', 'トヨタ プリウス', 'リース', 3862699, 386270, 'ディーラーローン', 0, 37, '2025-05-29', '2025-06-24', '納車済', '2026-04-07 20:48:27.818000'),
  ('C0107', 'N0289', 'S009', '大西康平', '日産 ノート', '現金一括', 2951553, 295155, 'クレジット', 2066087, 0, '2025-10-10', '2025-10-19', '手続中', '2026-04-07 20:48:27.818000'),
  ('C0108', 'N0291', 'S002', '杉山恵子', 'スバル フォレスター', 'ローン', 4364492, 436449, 'クレジット', 0, 77, '2025-10-23', '2025-11-18', '納車済', '2026-04-07 20:48:27.818000'),
  ('C0109', 'N0292', 'S003', '寺田直樹', 'トヨタ アクア', 'ローン', 1880761, 188076, 'ディーラーローン', 1316533, 0, '2025-04-21', '2025-05-13', '納車済', '2026-04-07 20:48:27.818000'),
  ('C0110', 'N0296', 'S010', '大西康平', '日産 ノート', 'リース', 1965721, 196572, '銀行振込', 1376005, 57, '2025-08-14', '2025-08-25', '納車済', '2026-04-07 20:48:27.818000'),
  ('C0111', 'N0297', 'S009', '相川健太', 'マツダ CX-5', '現金一括', 2592085, 259209, '銀行振込', 1814460, 37, '2025-08-14', '2025-08-28', '手続中', '2026-04-07 20:48:27.818000'),
  ('C0112', 'N0301', 'S010', '清水拓也', 'ホンダ フィット', 'ローン', 4365748, 436575, 'クレジット', 0, 74, '2026-03-02', '2026-03-26', '納車済', '2026-04-07 20:48:27.818000'),
  ('C0113', 'N0303', 'S004', '野村康平', 'ホンダ フィット', 'リース', 5188840, 518884, 'クレジット', 0, 65, '2025-11-20', '2025-12-12', '納車済', '2026-04-07 20:48:27.818000'),
  ('C0114', 'N0304', 'S008', '野村康平', 'トヨタ プリウス', '現金一括', 1651036, 165104, 'クレジット', 1155725, 51, '2025-07-03', '2025-07-11', '納車済', '2026-04-07 20:48:27.818000'),
  ('C0115', 'N0309', 'S001', '上田浩二', 'トヨタ ハリアー', 'リース', 4108407, 410841, 'ディーラーローン', 2875885, 0, '2025-12-02', '2026-01-01', '納車済', '2026-04-07 20:48:27.818000'),
  ('C0116', 'N0310', 'S007', '木下大輔', 'トヨタ アクア', 'リース', 3157057, 315706, 'クレジット', 2209940, 0, '2025-12-29', '2026-01-09', '納車済', '2026-04-07 20:48:27.818000'),
  ('C0117', 'N0317', 'S009', '瀬戸浩二', 'ホンダ ヴェゼル', 'リース', 2553513, 255351, 'クレジット', 1787459, 57, '2025-08-13', '2025-09-06', '納車済', '2026-04-07 20:48:27.818000'),
  ('C0118', 'N0318', 'S007', '黒田麻衣', 'ホンダ ヴェゼル', 'リース', 3817538, 381754, 'クレジット', 0, 19, '2026-02-23', '2026-03-23', '納車済', '2026-04-07 20:48:27.818000'),
  ('C0119', 'N0320', 'S001', '清水拓也', 'トヨタ ハリアー', '現金一括', 4723593, 472359, 'クレジット', 0, 0, '2026-01-01', '2026-01-17', '納車済', '2026-04-07 20:48:27.818000'),
  ('C0120', 'N0321', 'S010', '谷口明美', 'スズキ ジムニー', '現金一括', 4410704, 441070, 'ディーラーローン', 3087493, 0, '2025-12-02', '2025-12-21', 'キャンセル', '2026-04-07 20:48:27.818000'),
  ('C0121', 'N0324', 'S003', '清水拓也', 'スズキ ジムニー', 'リース', 2273094, 227309, '銀行振込', 0, 47, '2025-09-17', '2025-09-24', 'キャンセル', '2026-04-07 20:48:27.818000'),
  ('C0122', 'N0326', 'S010', '清水拓也', '日産 ノート', 'ローン', 4193943, 419394, '銀行振込', 0, 68, '2026-04-06', '2026-04-27', '手続中', '2026-04-07 20:48:27.818000'),
  ('C0123', 'N0328', 'S006', '中島翔太', 'ホンダ フィット', '現金一括', 1002536, 100254, '銀行振込', 701775, 66, '2025-08-17', '2025-09-08', '納車済', '2026-04-07 20:48:27.818000'),
  ('C0124', 'N0329', 'S001', '野村康平', 'トヨタ アルファード', 'リース', 1812624, 181262, 'ディーラーローン', 1268837, 60, '2025-06-28', '2025-07-09', 'キャンセル', '2026-04-07 20:48:27.818000'),
  ('C0125', 'N0330', 'S010', '小松隆', 'トヨタ ハリアー', '現金一括', 3490305, 349031, 'クレジット', 0, 30, '2025-04-25', '2025-05-19', '納車済', '2026-04-07 20:48:27.818000'),
  ('C0126', 'N0334', 'S002', '寺田直樹', 'ホンダ ヴェゼル', '現金一括', 3417559, 341756, 'ディーラーローン', 0, 0, '2026-03-28', '2026-04-17', '手続中', '2026-04-07 20:48:27.818000'),
  ('C0127', 'N0337', 'S010', '杉山恵子', 'スズキ ジムニー', 'ローン', 2064492, 206449, 'クレジット', 0, 31, '2025-09-12', '2025-09-26', '納車済', '2026-04-07 20:48:27.818000'),
  ('C0128', 'N0340', 'S010', '青木翔', 'ホンダ ヴェゼル', '現金一括', 3069632, 306963, '銀行振込', 2148742, 75, '2025-06-09', '2025-07-03', '納車済', '2026-04-07 20:48:27.818000'),
  ('C0129', 'N0353', 'S010', '野村康平', 'トヨタ ハリアー', 'リース', 1376783, 137678, 'クレジット', 0, 0, '2025-12-01', '2025-12-31', 'キャンセル', '2026-04-07 20:48:27.818000'),
  ('C0130', 'N0354', 'S005', '竹内真司', 'トヨタ ハリアー', '現金一括', 3008730, 300873, 'ディーラーローン', 2106111, 55, '2026-01-24', '2026-02-18', '納車済', '2026-04-07 20:48:27.818000'),
  ('C0131', 'N0356', 'S007', '池田真由美', '日産 ノート', '現金一括', 1482969, 148297, '銀行振込', 0, 0, '2026-01-30', '2026-02-15', '納車済', '2026-04-07 20:48:27.818000'),
  ('C0132', 'N0359', 'S002', '寺田直樹', '日産 ノート', 'リース', 3692181, 369218, '銀行振込', 2584527, 52, '2025-07-23', '2025-08-22', '納車済', '2026-04-07 20:48:27.818000'),
  ('C0133', 'N0369', 'S007', '上田浩二', 'スバル フォレスター', '現金一括', 3833453, 383345, '銀行振込', 0, 27, '2026-04-07', '2026-04-29', 'キャンセル', '2026-04-07 20:48:27.818000'),
  ('C0134', 'N0370', 'S009', '清水拓也', 'トヨタ アクア', 'リース', 936923, 93692, 'クレジット', 655846, 0, '2026-01-22', '2026-02-06', '納車済', '2026-04-07 20:48:27.818000'),
  ('C0135', 'N0375', 'S002', '池田真由美', 'トヨタ アルファード', '現金一括', 3207306, 320731, 'ディーラーローン', 0, 0, '2025-12-25', '2026-01-16', '納車済', '2026-04-07 20:48:27.818000'),
  ('C0136', 'N0378', 'S009', '高木沙織', 'ホンダ ヴェゼル', 'ローン', 2801115, 280112, 'ディーラーローン', 0, 58, '2026-04-05', '2026-05-03', '手続中', '2026-04-07 20:48:27.818000'),
  ('C0137', 'N0382', 'S008', '遠藤裕子', 'スバル フォレスター', 'ローン', 1667026, 166703, '銀行振込', 0, 0, '2025-06-01', '2025-06-22', '納車済', '2026-04-07 20:48:27.818000'),
  ('C0138', 'N0383', 'S010', '瀬戸浩二', 'トヨタ アクア', 'リース', 5636274, 563627, 'ディーラーローン', 0, 0, '2026-04-08', '2026-05-04', '納車済', '2026-04-07 20:48:27.818000'),
  ('C0139', 'N0386', 'S009', '青木翔', 'トヨタ アクア', '現金一括', 1091489, 109149, 'クレジット', 0, 39, '2025-10-24', '2025-11-15', '納車済', '2026-04-07 20:48:27.818000'),
  ('C0140', 'N0389', 'S009', '木下大輔', 'トヨタ ハリアー', 'リース', 4759674, 475967, '銀行振込', 0, 0, '2025-05-07', '2025-05-31', '手続中', '2026-04-07 20:48:27.818000'),
  ('C0141', 'N0390', 'S004', '高木沙織', 'トヨタ アクア', 'ローン', 1007846, 100785, '銀行振込', 0, 62, '2025-09-30', '2025-10-12', '納車済', '2026-04-07 20:48:27.818000'),
  ('C0142', 'N0391', 'S003', '相川健太', 'マツダ CX-5', '現金一括', 2787869, 278787, 'クレジット', 0, 23, '2026-02-17', '2026-03-02', '納車済', '2026-04-07 20:48:27.818000'),
  ('C0143', 'N0396', 'S001', '杉山恵子', 'トヨタ ハリアー', 'ローン', 3233343, 323334, '銀行振込', 2263340, 50, '2025-10-01', '2025-10-28', 'キャンセル', '2026-04-07 20:48:27.818000'),
  ('C0144', 'N0397', 'S008', '寺田直樹', 'ホンダ ヴェゼル', 'リース', 1761370, 176137, '銀行振込', 1232959, 0, '2025-08-16', '2025-09-14', 'キャンセル', '2026-04-07 20:48:27.818000'),
  ('C0145', 'N0398', 'S003', '高木沙織', 'トヨタ ハリアー', 'ローン', 4265474, 426547, 'クレジット', 0, 12, '2026-03-15', '2026-03-24', '納車済', '2026-04-07 20:48:27.818000'),
  ('C0146', 'N0400', 'S009', '上田浩二', '日産 ノート', '現金一括', 5242507, 524251, '銀行振込', 0, 0, '2025-11-08', '2025-12-08', '手続中', '2026-04-07 20:48:27.818000'),
  ('C0147', 'N0401', 'S009', '谷口明美', 'ホンダ ヴェゼル', 'リース', 2375433, 237543, 'ディーラーローン', 1662803, 21, '2026-03-25', '2026-04-17', '納車済', '2026-04-07 20:48:27.818000'),
  ('C0148', 'N0403', 'S007', '高木沙織', 'トヨタ ハリアー', 'リース', 4719141, 471914, '銀行振込', 0, 82, '2026-02-13', '2026-03-05', '納車済', '2026-04-07 20:48:27.818000'),
  ('C0149', 'N0405', 'S003', '片桐美咲', 'ホンダ ヴェゼル', '現金一括', 1059334, 105933, 'ディーラーローン', 0, 71, '2025-12-22', '2026-01-20', 'キャンセル', '2026-04-07 20:48:27.818000'),
  ('C0150', 'N0408', 'S003', '青木翔', 'スズキ ジムニー', '現金一括', 1187732, 118773, 'ディーラーローン', 0, 31, '2026-02-11', '2026-03-12', '納車済', '2026-04-07 20:48:27.818000');

INSERT INTO IDOM_HANDSON.RAW_DATA.CONTRACTS (CONTRACT_ID, NEGOTIATION_ID, STORE_ID, CUSTOMER_NAME, CAR_NAME, CONTRACT_TYPE, CONTRACT_PRICE, TAX_AMOUNT, PAYMENT_METHOD, LOAN_AMOUNT, LOAN_TERM_MONTHS, CONTRACT_DATE, DELIVERY_DATE, CONTRACT_STATUS, CREATED_AT)
VALUES
  ('C0151', 'N0409', 'S004', '杉山恵子', 'ホンダ ヴェゼル', 'リース', 5018817, 501882, 'ディーラーローン', 3513172, 0, '2026-03-03', '2026-03-17', '納車済', '2026-04-07 20:48:27.818000'),
  ('C0152', 'N0416', 'S009', '小松隆', 'スバル フォレスター', 'ローン', 2351782, 235178, '銀行振込', 1646247, 0, '2025-06-07', '2025-06-15', 'キャンセル', '2026-04-07 20:48:27.818000'),
  ('C0153', 'N0419', 'S006', '大西康平', 'トヨタ アルファード', '現金一括', 4776126, 477613, 'ディーラーローン', 3343288, 13, '2026-01-23', '2026-02-02', 'キャンセル', '2026-04-07 20:48:27.818000'),
  ('C0154', 'N0420', 'S010', '杉山恵子', 'トヨタ アルファード', 'リース', 4748538, 474854, '銀行振込', 0, 0, '2026-03-25', '2026-04-23', '納車済', '2026-04-07 20:48:27.818000'),
  ('C0155', 'N0421', 'S001', '中島翔太', 'ホンダ ヴェゼル', 'ローン', 641234, 64123, '銀行振込', 0, 0, '2025-10-25', '2025-11-18', 'キャンセル', '2026-04-07 20:48:27.818000'),
  ('C0156', 'N0424', 'S009', '野村康平', '日産 ノート', 'ローン', 3635152, 363515, '銀行振込', 0, 0, '2025-08-15', '2025-08-29', '納車済', '2026-04-07 20:48:27.818000'),
  ('C0157', 'N0425', 'S002', '高木沙織', 'トヨタ ハリアー', 'ローン', 2855475, 285548, 'ディーラーローン', 0, 66, '2025-10-26', '2025-11-20', '納車済', '2026-04-07 20:48:27.818000'),
  ('C0158', 'N0426', 'S005', '野村康平', '日産 ノート', 'リース', 3147344, 314734, 'クレジット', 0, 43, '2025-07-06', '2025-07-15', '納車済', '2026-04-07 20:48:27.818000'),
  ('C0159', 'N0428', 'S001', '青木翔', 'ホンダ フィット', 'ローン', 3139885, 313989, 'クレジット', 0, 72, '2025-09-10', '2025-09-25', '納車済', '2026-04-07 20:48:27.818000'),
  ('C0160', 'N0430', 'S007', '谷口明美', 'ホンダ フィット', 'リース', 620804, 62080, '銀行振込', 0, 24, '2025-10-22', '2025-11-18', 'キャンセル', '2026-04-07 20:48:27.818000'),
  ('C0161', 'N0434', 'S005', '相川健太', 'トヨタ アクア', '現金一括', 1898964, 189896, 'ディーラーローン', 1329275, 0, '2026-04-15', '2026-05-05', '納車済', '2026-04-07 20:48:27.818000'),
  ('C0162', 'N0437', 'S009', '池田真由美', 'トヨタ アルファード', 'リース', 3925126, 392513, 'ディーラーローン', 0, 0, '2026-02-10', '2026-02-17', '手続中', '2026-04-07 20:48:27.818000'),
  ('C0163', 'N0442', 'S007', '上田浩二', 'トヨタ プリウス', 'リース', 803436, 80344, '銀行振込', 0, 0, '2026-01-23', '2026-02-10', '納車済', '2026-04-07 20:48:27.818000'),
  ('C0164', 'N0444', 'S004', '上田浩二', 'トヨタ ハリアー', 'リース', 3894509, 389451, '銀行振込', 0, 63, '2025-10-26', '2025-11-06', 'キャンセル', '2026-04-07 20:48:27.818000'),
  ('C0165', 'N0445', 'S005', '相川健太', 'マツダ CX-5', 'ローン', 1449548, 144955, 'クレジット', 1014684, 0, '2025-08-18', '2025-08-25', '納車済', '2026-04-07 20:48:27.818000'),
  ('C0166', 'N0446', 'S001', '坂本由美', 'ホンダ フィット', '現金一括', 1549552, 154955, '銀行振込', 1084686, 0, '2025-12-12', '2025-12-27', 'キャンセル', '2026-04-07 20:48:27.818000'),
  ('C0167', 'N0447', 'S009', '黒田麻衣', 'ホンダ フィット', 'ローン', 3728121, 372812, '銀行振込', 2609685, 0, '2026-04-02', '2026-04-29', '納車済', '2026-04-07 20:48:27.818000'),
  ('C0168', 'N0448', 'S003', '清水拓也', 'トヨタ プリウス', 'ローン', 628617, 62862, 'ディーラーローン', 440032, 0, '2026-04-06', '2026-04-21', '納車済', '2026-04-07 20:48:27.818000'),
  ('C0169', 'N0454', 'S003', '寺田直樹', 'トヨタ ハリアー', 'ローン', 4629446, 462945, 'クレジット', 3240612, 51, '2025-06-30', '2025-07-10', '納車済', '2026-04-07 20:48:27.818000'),
  ('C0170', 'N0456', 'S007', '寺田直樹', 'トヨタ プリウス', 'ローン', 2095229, 209523, 'ディーラーローン', 1466660, 16, '2026-02-23', '2026-03-09', '手続中', '2026-04-07 20:48:27.818000'),
  ('C0171', 'N0465', 'S007', '野村康平', 'トヨタ アルファード', '現金一括', 2677010, 267701, 'ディーラーローン', 0, 0, '2025-11-09', '2025-11-21', '納車済', '2026-04-07 20:48:27.818000'),
  ('C0172', 'N0466', 'S010', '清水拓也', 'マツダ CX-5', 'リース', 5223808, 522381, 'クレジット', 3656666, 46, '2025-05-26', '2025-06-13', '納車済', '2026-04-07 20:48:27.818000'),
  ('C0173', 'N0470', 'S005', '片桐美咲', 'トヨタ ハリアー', 'ローン', 1698286, 169829, 'ディーラーローン', 0, 0, '2026-01-13', '2026-01-26', '手続中', '2026-04-07 20:48:27.818000'),
  ('C0174', 'N0473', 'S001', '池田真由美', 'トヨタ アルファード', 'リース', 1356064, 135606, 'ディーラーローン', 0, 79, '2025-06-24', '2025-07-07', '納車済', '2026-04-07 20:48:27.818000'),
  ('C0175', 'N0474', 'S002', '相川健太', 'トヨタ アルファード', 'ローン', 5047928, 504793, 'ディーラーローン', 3533550, 32, '2026-03-26', '2026-04-20', '手続中', '2026-04-07 20:48:27.818000'),
  ('C0176', 'N0475', 'S005', '青木翔', 'トヨタ プリウス', 'リース', 3263496, 326350, 'ディーラーローン', 2284447, 0, '2026-02-27', '2026-03-22', '納車済', '2026-04-07 20:48:27.818000'),
  ('C0177', 'N0477', 'S008', '清水拓也', 'スズキ ジムニー', 'ローン', 4370697, 437070, 'クレジット', 3059488, 66, '2025-04-15', '2025-05-04', '納車済', '2026-04-07 20:48:27.818000'),
  ('C0178', 'N0480', 'S004', '高木沙織', 'ホンダ フィット', '現金一括', 5458014, 545801, 'クレジット', 3820610, 0, '2026-04-07', '2026-05-05', '手続中', '2026-04-07 20:48:27.818000'),
  ('C0179', 'N0481', 'S007', '遠藤裕子', 'ホンダ ヴェゼル', 'リース', 967597, 96760, 'ディーラーローン', 0, 0, '2025-04-14', '2025-05-13', 'キャンセル', '2026-04-07 20:48:27.818000'),
  ('C0180', 'N0482', 'S003', '相川健太', 'トヨタ アルファード', '現金一括', 3497434, 349743, 'クレジット', 0, 74, '2025-04-24', '2025-05-13', '納車済', '2026-04-07 20:48:27.818000'),
  ('C0181', 'N0483', 'S010', '木下大輔', 'スズキ ジムニー', '現金一括', 3786257, 378626, 'ディーラーローン', 0, 0, '2025-07-26', '2025-08-09', '手続中', '2026-04-07 20:48:27.818000'),
  ('C0182', 'N0484', 'S010', '小松隆', 'スズキ ジムニー', '現金一括', 4277745, 427775, '銀行振込', 0, 0, '2025-11-14', '2025-11-22', '手続中', '2026-04-07 20:48:27.818000'),
  ('C0183', 'N0485', 'S009', '上田浩二', 'トヨタ プリウス', 'リース', 5552844, 555284, 'ディーラーローン', 3886991, 0, '2025-09-10', '2025-10-03', '手続中', '2026-04-07 20:48:27.818000'),
  ('C0184', 'N0487', 'S008', '谷口明美', '日産 ノート', 'ローン', 1807475, 180748, 'ディーラーローン', 1265233, 35, '2026-01-22', '2026-02-04', '納車済', '2026-04-07 20:48:27.818000'),
  ('C0185', 'N0492', 'S004', '杉山恵子', 'トヨタ アクア', 'リース', 4630773, 463077, 'クレジット', 0, 47, '2026-02-26', '2026-03-12', '納車済', '2026-04-07 20:48:27.818000'),
  ('C0186', 'N0493', 'S008', '野村康平', 'スズキ ジムニー', 'リース', 2018043, 201804, 'クレジット', 1412630, 38, '2025-07-23', '2025-07-31', '納車済', '2026-04-07 20:48:27.818000'),
  ('C0187', 'N0497', 'S003', '池田真由美', 'トヨタ プリウス', 'ローン', 2538608, 253861, '銀行振込', 0, 0, '2025-05-17', '2025-06-04', '納車済', '2026-04-07 20:48:27.818000'),
  ('C0188', 'N0498', 'S004', '杉山恵子', 'マツダ CX-5', 'リース', 5122351, 512235, '銀行振込', 3585646, 0, '2025-10-30', '2025-11-15', '手続中', '2026-04-07 20:48:27.818000'),
  ('C0189', 'N0499', 'S002', '坂本由美', 'トヨタ プリウス', '現金一括', 4063036, 406304, 'ディーラーローン', 2844125, 0, '2025-09-19', '2025-10-10', 'キャンセル', '2026-04-07 20:48:27.818000'),
  ('C0190', 'N0501', 'S008', '寺田直樹', 'トヨタ アクア', 'リース', 3928664, 392866, 'クレジット', 2750065, 61, '2026-03-23', '2026-04-15', '納車済', '2026-04-07 20:48:27.818000'),
  ('C0191', 'N0502', 'S006', '瀬戸浩二', 'トヨタ ハリアー', '現金一括', 4410953, 441095, 'ディーラーローン', 3087667, 0, '2026-04-03', '2026-04-21', '納車済', '2026-04-07 20:48:27.818000'),
  ('C0192', 'N0508', 'S004', '寺田直樹', 'ホンダ フィット', 'リース', 1164130, 116413, 'ディーラーローン', 0, 0, '2025-08-12', '2025-08-21', '納車済', '2026-04-07 20:48:27.818000'),
  ('C0193', 'N0510', 'S006', '高木沙織', 'トヨタ アクア', 'ローン', 3216176, 321618, '銀行振込', 2251323, 0, '2025-12-19', '2026-01-01', '納車済', '2026-04-07 20:48:27.818000'),
  ('C0194', 'N0511', 'S010', '高木沙織', 'マツダ CX-5', 'ローン', 1291921, 129192, '銀行振込', 904345, 0, '2025-11-10', '2025-12-09', '納車済', '2026-04-07 20:48:27.818000'),
  ('C0195', 'N0512', 'S007', '黒田麻衣', 'マツダ CX-5', '現金一括', 528602, 52860, '銀行振込', 0, 0, '2026-03-22', '2026-04-19', 'キャンセル', '2026-04-07 20:48:27.818000'),
  ('C0196', 'N0520', 'S001', '遠藤裕子', 'トヨタ アルファード', 'リース', 4078275, 407828, '銀行振込', 2854793, 0, '2025-05-17', '2025-06-01', '納車済', '2026-04-07 20:48:27.818000'),
  ('C0197', 'N0523', 'S003', '上田浩二', 'ホンダ ヴェゼル', 'ローン', 4932870, 493287, '銀行振込', 3453009, 46, '2026-03-05', '2026-03-23', '納車済', '2026-04-07 20:48:27.818000'),
  ('C0198', 'N0524', 'S003', '杉山恵子', 'ホンダ ヴェゼル', 'リース', 3634711, 363471, '銀行振込', 2544298, 63, '2025-10-26', '2025-11-15', '納車済', '2026-04-07 20:48:27.818000'),
  ('C0199', 'N0525', 'S010', '中島翔太', 'ホンダ フィット', 'リース', 3492310, 349231, '銀行振込', 2444617, 34, '2026-01-28', '2026-02-12', 'キャンセル', '2026-04-07 20:48:27.818000'),
  ('C0200', 'N0526', 'S001', '高木沙織', 'トヨタ アルファード', 'ローン', 4850128, 485013, 'ディーラーローン', 3395090, 0, '2025-12-28', '2026-01-19', '納車済', '2026-04-07 20:48:27.818000');

INSERT INTO IDOM_HANDSON.RAW_DATA.CONTRACTS (CONTRACT_ID, NEGOTIATION_ID, STORE_ID, CUSTOMER_NAME, CAR_NAME, CONTRACT_TYPE, CONTRACT_PRICE, TAX_AMOUNT, PAYMENT_METHOD, LOAN_AMOUNT, LOAN_TERM_MONTHS, CONTRACT_DATE, DELIVERY_DATE, CONTRACT_STATUS, CREATED_AT)
VALUES
  ('C0201', 'N0530', 'S005', '坂本由美', 'スバル フォレスター', '現金一括', 4087336, 408734, 'ディーラーローン', 2861135, 0, '2025-05-12', '2025-06-08', '納車済', '2026-04-07 20:48:27.818000'),
  ('C0202', 'N0533', 'S010', '瀬戸浩二', 'ホンダ ヴェゼル', 'リース', 1783085, 178309, 'ディーラーローン', 0, 37, '2025-12-11', '2025-12-21', '納車済', '2026-04-07 20:48:27.818000'),
  ('C0203', 'N0539', 'S009', '寺田直樹', 'スズキ ジムニー', 'リース', 1468177, 146818, 'クレジット', 1027724, 0, '2025-07-10', '2025-07-21', '納車済', '2026-04-07 20:48:27.818000'),
  ('C0204', 'N0540', 'S010', '杉山恵子', 'トヨタ アクア', 'リース', 1846859, 184686, 'クレジット', 0, 48, '2026-01-13', '2026-01-31', '手続中', '2026-04-07 20:48:27.818000'),
  ('C0205', 'N0543', 'S005', '坂本由美', 'ホンダ フィット', 'リース', 2925706, 292571, 'ディーラーローン', 0, 71, '2025-12-22', '2026-01-06', '納車済', '2026-04-07 20:48:27.818000'),
  ('C0206', 'N0546', 'S010', '池田真由美', 'トヨタ アクア', 'リース', 4926554, 492655, '銀行振込', 3448588, 40, '2025-12-14', '2026-01-12', 'キャンセル', '2026-04-07 20:48:27.818000'),
  ('C0207', 'N0548', 'S002', '野村康平', 'マツダ CX-5', 'リース', 3003118, 300312, 'ディーラーローン', 0, 16, '2025-07-24', '2025-08-07', '納車済', '2026-04-07 20:48:27.818000'),
  ('C0208', 'N0561', 'S002', '青木翔', 'トヨタ プリウス', 'ローン', 1328830, 132883, 'クレジット', 0, 0, '2025-07-13', '2025-08-08', 'キャンセル', '2026-04-07 20:48:27.818000'),
  ('C0209', 'N0563', 'S005', '谷口明美', 'ホンダ フィット', 'ローン', 2998013, 299801, 'ディーラーローン', 0, 0, '2026-02-08', '2026-02-28', '納車済', '2026-04-07 20:48:27.818000'),
  ('C0210', 'N0564', 'S001', '清水拓也', '日産 ノート', '現金一括', 1900272, 190027, 'クレジット', 0, 0, '2025-11-24', '2025-12-07', '納車済', '2026-04-07 20:48:27.818000'),
  ('C0211', 'N0565', 'S003', '上田浩二', '日産 ノート', '現金一括', 2532416, 253242, '銀行振込', 0, 23, '2025-11-04', '2025-11-11', '納車済', '2026-04-07 20:48:27.818000'),
  ('C0212', 'N0567', 'S010', '瀬戸浩二', 'トヨタ ハリアー', 'リース', 3065918, 306592, 'クレジット', 0, 31, '2025-11-26', '2025-12-16', '納車済', '2026-04-07 20:48:27.818000'),
  ('C0213', 'N0570', 'S005', '上田浩二', 'マツダ CX-5', 'リース', 1273851, 127385, 'ディーラーローン', 0, 36, '2025-08-12', '2025-08-30', '手続中', '2026-04-07 20:48:27.818000'),
  ('C0214', 'N0571', 'S002', '高木沙織', 'トヨタ アルファード', 'ローン', 2450557, 245056, 'クレジット', 0, 32, '2025-10-04', '2025-10-19', '納車済', '2026-04-07 20:48:27.818000'),
  ('C0215', 'N0573', 'S004', '小松隆', 'スバル フォレスター', '現金一括', 3638285, 363829, 'ディーラーローン', 2546800, 0, '2026-04-08', '2026-04-27', 'キャンセル', '2026-04-07 20:48:27.818000'),
  ('C0216', 'N0574', 'S007', '黒田麻衣', 'マツダ CX-5', '現金一括', 1949470, 194947, 'ディーラーローン', 0, 0, '2026-02-08', '2026-03-06', '納車済', '2026-04-07 20:48:27.818000'),
  ('C0217', 'N0576', 'S001', '大西康平', 'トヨタ アクア', 'リース', 2147322, 214732, 'クレジット', 0, 0, '2025-09-24', '2025-10-10', 'キャンセル', '2026-04-07 20:48:27.818000'),
  ('C0218', 'N0577', 'S009', '谷口明美', 'マツダ CX-5', '現金一括', 5084658, 508466, '銀行振込', 0, 57, '2025-05-08', '2025-05-18', 'キャンセル', '2026-04-07 20:48:27.818000'),
  ('C0219', 'N0579', 'S009', '坂本由美', 'トヨタ プリウス', '現金一括', 1229496, 122950, '銀行振込', 860647, 0, '2025-10-21', '2025-11-12', 'キャンセル', '2026-04-07 20:48:27.818000'),
  ('C0220', 'N0580', 'S002', '寺田直樹', 'ホンダ ヴェゼル', 'ローン', 1545723, 154572, 'ディーラーローン', 1082006, 0, '2025-07-02', '2025-07-11', '納車済', '2026-04-07 20:48:27.818000'),
  ('C0221', 'N0582', 'S005', '野村康平', 'マツダ CX-5', 'ローン', 3971461, 397146, 'ディーラーローン', 0, 16, '2025-09-12', '2025-09-24', '納車済', '2026-04-07 20:48:27.818000'),
  ('C0222', 'N0583', 'S005', '青木翔', 'ホンダ フィット', '現金一括', 2521310, 252131, 'ディーラーローン', 0, 29, '2025-05-21', '2025-06-07', '納車済', '2026-04-07 20:48:27.818000'),
  ('C0223', 'N0586', 'S008', '相川健太', 'ホンダ ヴェゼル', 'ローン', 2900782, 290078, '銀行振込', 2030547, 35, '2026-03-13', '2026-03-21', '納車済', '2026-04-07 20:48:27.818000'),
  ('C0224', 'N0589', 'S006', '谷口明美', 'トヨタ アルファード', '現金一括', 4026673, 402667, 'クレジット', 2818671, 0, '2025-07-06', '2025-07-20', '納車済', '2026-04-07 20:48:27.818000'),
  ('C0225', 'N0590', 'S010', '坂本由美', 'トヨタ プリウス', 'ローン', 4659294, 465929, 'クレジット', 3261506, 0, '2025-09-21', '2025-10-12', '手続中', '2026-04-07 20:48:27.818000'),
  ('C0226', 'N0592', 'S009', '大西康平', 'トヨタ アルファード', 'リース', 1456050, 145605, '銀行振込', 1019235, 0, '2025-07-02', '2025-07-19', '納車済', '2026-04-07 20:48:27.818000'),
  ('C0227', 'N0593', 'S008', '中島翔太', 'トヨタ アルファード', 'ローン', 2342222, 234222, '銀行振込', 1639555, 0, '2026-04-25', '2026-05-25', '納車済', '2026-04-07 20:48:27.818000'),
  ('C0228', 'N0594', 'S003', '清水拓也', 'マツダ CX-5', '現金一括', 1535618, 153562, 'ディーラーローン', 1074933, 0, '2025-09-06', '2025-10-03', 'キャンセル', '2026-04-07 20:48:27.818000'),
  ('C0229', 'N0596', 'S003', '野村康平', 'トヨタ アルファード', '現金一括', 5141312, 514131, 'クレジット', 0, 70, '2025-10-29', '2025-11-13', 'キャンセル', '2026-04-07 20:48:27.818000'),
  ('C0230', 'N0597', 'S010', '木下大輔', 'ホンダ フィット', 'リース', 2393234, 239323, 'クレジット', 0, 58, '2025-12-18', '2025-12-29', 'キャンセル', '2026-04-07 20:48:27.818000'),
  ('C0231', 'N0599', 'S007', '野村康平', 'ホンダ フィット', '現金一括', 2943463, 294346, 'クレジット', 2060424, 19, '2025-12-14', '2026-01-04', 'キャンセル', '2026-04-07 20:48:27.818000');


-- IDOM_HANDSON.RAW_DATA.INSURANCE: 625 rows
INSERT INTO IDOM_HANDSON.RAW_DATA.INSURANCE (INSURANCE_ID, CONTRACT_ID, STORE_ID, CUSTOMER_NAME, INSURANCE_TYPE, INSURANCE_COMPANY, PREMIUM_AMOUNT, COVERAGE_START, COVERAGE_END, IS_NEW_CONTRACT, CREATED_AT)
VALUES
  ('I0001', 'C0005', 'S006', '瀬戸浩二', '自賠責保険', '東京海上日動', 32993, '2026-01-21', '2029-01-21', FALSE, '2026-04-07 20:48:38.096000'),
  ('I0002', 'C0006', 'S006', '寺田直樹', '任意保険（車両）', '三井住友海上', 169484, '2025-07-05', '2027-07-05', FALSE, '2026-04-07 20:48:38.096000'),
  ('I0003', 'C0011', 'S010', '木下大輔', '任意保険（対人対物）', '東京海上日動', 73478, '2026-04-10', '2028-04-10', FALSE, '2026-04-07 20:48:38.096000'),
  ('I0004', 'C0013', 'S009', '小松隆', '任意保険（対人対物）', 'あいおいニッセイ', 168646, '2026-01-14', '2027-01-14', TRUE, '2026-04-07 20:48:38.096000'),
  ('I0005', 'C0015', 'S009', '遠藤裕子', '自賠責保険', 'あいおいニッセイ', 193924, '2025-09-21', '2028-09-21', FALSE, '2026-04-07 20:48:38.096000'),
  ('I0006', 'C0016', 'S002', '野村康平', '任意保険（対人対物）', '損保ジャパン', 76018, '2025-07-07', '2028-07-07', FALSE, '2026-04-07 20:48:38.096000'),
  ('I0007', 'C0018', 'S009', '小松隆', '任意保険（車両）', '東京海上日動', 89553, '2025-04-23', '2026-04-23', FALSE, '2026-04-07 20:48:38.096000'),
  ('I0008', 'C0019', 'S005', '清水拓也', '自賠責保険', '損保ジャパン', 139928, '2026-01-01', '2028-01-01', FALSE, '2026-04-07 20:48:38.096000'),
  ('I0009', 'C0023', 'S005', '野村康平', '自賠責保険', 'あいおいニッセイ', 90248, '2025-07-28', '2028-07-28', FALSE, '2026-04-07 20:48:38.096000'),
  ('I0010', 'C0024', 'S008', '杉山恵子', '任意保険（車両）', 'あいおいニッセイ', 156692, '2026-03-31', '2028-03-31', TRUE, '2026-04-07 20:48:38.096000'),
  ('I0011', 'C0025', 'S005', '杉山恵子', '任意保険（車両）', '東京海上日動', 184585, '2026-03-22', '2029-03-22', FALSE, '2026-04-07 20:48:38.096000'),
  ('I0012', 'C0026', 'S010', '清水拓也', '任意保険（車両）', '三井住友海上', 113899, '2025-09-14', '2026-09-14', TRUE, '2026-04-07 20:48:38.096000'),
  ('I0013', 'C0028', 'S009', '寺田直樹', '任意保険（車両）', 'あいおいニッセイ', 157500, '2025-09-26', '2027-09-26', TRUE, '2026-04-07 20:48:38.096000'),
  ('I0014', 'C0030', 'S006', '大西康平', '任意保険（対人対物）', '三井住友海上', 53298, '2025-06-26', '2027-06-26', FALSE, '2026-04-07 20:48:38.096000'),
  ('I0015', 'C0034', 'S006', '上田浩二', '任意保険（車両）', '三井住友海上', 163971, '2025-12-19', '2026-12-19', FALSE, '2026-04-07 20:48:38.096000'),
  ('I0016', 'C0036', 'S003', '谷口明美', '任意保険（対人対物）', '損保ジャパン', 45796, '2025-08-30', '2027-08-30', FALSE, '2026-04-07 20:48:38.096000'),
  ('I0017', 'C0039', 'S010', '杉山恵子', '任意保険（対人対物）', 'あいおいニッセイ', 181937, '2026-03-24', '2027-03-24', FALSE, '2026-04-07 20:48:38.096000'),
  ('I0018', 'C0040', 'S008', '杉山恵子', '自賠責保険', '三井住友海上', 89954, '2025-07-23', '2026-07-23', FALSE, '2026-04-07 20:48:38.096000'),
  ('I0019', 'C0041', 'S010', '相川健太', '任意保険（車両）', '損保ジャパン', 177818, '2025-08-03', '2026-08-03', FALSE, '2026-04-07 20:48:38.096000'),
  ('I0020', 'C0042', 'S008', '上田浩二', '任意保険（車両）', '東京海上日動', 68730, '2025-06-02', '2026-06-02', FALSE, '2026-04-07 20:48:38.096000'),
  ('I0021', 'C0043', 'S009', '大西康平', '任意保険（車両）', 'あいおいニッセイ', 61705, '2025-12-18', '2026-12-18', FALSE, '2026-04-07 20:48:38.096000'),
  ('I0022', 'C0044', 'S009', '上田浩二', '任意保険（対人対物）', '東京海上日動', 77901, '2026-01-08', '2028-01-08', FALSE, '2026-04-07 20:48:38.096000'),
  ('I0023', 'C0047', 'S001', '遠藤裕子', '任意保険（対人対物）', '三井住友海上', 133945, '2025-05-30', '2027-05-30', FALSE, '2026-04-07 20:48:38.096000'),
  ('I0024', 'C0048', 'S007', '青木翔', '任意保険（対人対物）', 'あいおいニッセイ', 61759, '2026-03-08', '2029-03-08', TRUE, '2026-04-07 20:48:38.096000'),
  ('I0025', 'C0049', 'S008', '高木沙織', '任意保険（車両）', '東京海上日動', 195801, '2025-12-25', '2027-12-25', TRUE, '2026-04-07 20:48:38.096000'),
  ('I0026', 'C0052', 'S004', '坂本由美', '自賠責保険', 'あいおいニッセイ', 71900, '2025-08-15', '2026-08-15', TRUE, '2026-04-07 20:48:38.096000'),
  ('I0027', 'C0054', 'S010', '中島翔太', '任意保険（対人対物）', '損保ジャパン', 61506, '2025-10-25', '2026-10-25', FALSE, '2026-04-07 20:48:38.096000'),
  ('I0028', 'C0057', 'S010', '相川健太', '任意保険（対人対物）', '損保ジャパン', 183186, '2026-03-24', '2028-03-24', TRUE, '2026-04-07 20:48:38.096000'),
  ('I0029', 'C0058', 'S009', '小松隆', '任意保険（対人対物）', '東京海上日動', 97553, '2025-12-26', '2028-12-26', FALSE, '2026-04-07 20:48:38.096000'),
  ('I0030', 'C0059', 'S007', '上田浩二', '任意保険（対人対物）', 'あいおいニッセイ', 43966, '2026-01-28', '2027-01-28', FALSE, '2026-04-07 20:48:38.096000'),
  ('I0031', 'C0061', 'S006', '池田真由美', '任意保険（対人対物）', '損保ジャパン', 139515, '2025-08-01', '2028-08-01', FALSE, '2026-04-07 20:48:38.096000'),
  ('I0032', 'C0062', 'S003', '寺田直樹', '自賠責保険', '損保ジャパン', 150733, '2026-01-23', '2028-01-23', FALSE, '2026-04-07 20:48:38.096000'),
  ('I0033', 'C0065', 'S002', '野村康平', '任意保険（車両）', '損保ジャパン', 192673, '2026-03-04', '2029-03-04', FALSE, '2026-04-07 20:48:38.096000'),
  ('I0034', 'C0067', 'S002', '杉山恵子', '任意保険（車両）', '損保ジャパン', 76288, '2025-12-21', '2027-12-21', FALSE, '2026-04-07 20:48:38.096000'),
  ('I0035', 'C0068', 'S010', '杉山恵子', '任意保険（対人対物）', '三井住友海上', 64180, '2026-01-25', '2029-01-25', FALSE, '2026-04-07 20:48:38.096000'),
  ('I0036', 'C0073', 'S005', '池田真由美', '自賠責保険', '東京海上日動', 158923, '2026-03-14', '2027-03-14', FALSE, '2026-04-07 20:48:38.096000'),
  ('I0037', 'C0074', 'S006', '清水拓也', '自賠責保険', '東京海上日動', 197568, '2026-03-11', '2029-03-11', TRUE, '2026-04-07 20:48:38.096000'),
  ('I0038', 'C0075', 'S001', '寺田直樹', '任意保険（車両）', 'あいおいニッセイ', 59122, '2026-03-10', '2027-03-10', TRUE, '2026-04-07 20:48:38.096000'),
  ('I0039', 'C0077', 'S006', '小松隆', '任意保険（対人対物）', 'あいおいニッセイ', 57324, '2025-11-10', '2026-11-10', FALSE, '2026-04-07 20:48:38.096000'),
  ('I0040', 'C0078', 'S002', '杉山恵子', '任意保険（車両）', '東京海上日動', 86908, '2025-09-21', '2027-09-21', TRUE, '2026-04-07 20:48:38.096000'),
  ('I0041', 'C0082', 'S003', '寺田直樹', '自賠責保険', '損保ジャパン', 34131, '2025-09-09', '2027-09-09', FALSE, '2026-04-07 20:48:38.096000'),
  ('I0042', 'C0083', 'S007', '池田真由美', '任意保険（車両）', '損保ジャパン', 34231, '2026-03-22', '2027-03-22', FALSE, '2026-04-07 20:48:38.096000'),
  ('I0043', 'C0084', 'S004', '遠藤裕子', '任意保険（対人対物）', 'あいおいニッセイ', 195715, '2025-12-04', '2027-12-04', TRUE, '2026-04-07 20:48:38.096000'),
  ('I0044', 'C0085', 'S010', '小松隆', '任意保険（対人対物）', '損保ジャパン', 126542, '2026-03-24', '2029-03-24', FALSE, '2026-04-07 20:48:38.096000'),
  ('I0045', 'C0086', 'S002', '坂本由美', '任意保険（車両）', '損保ジャパン', 185724, '2025-05-03', '2028-05-03', TRUE, '2026-04-07 20:48:38.096000'),
  ('I0046', 'C0088', 'S002', '木下大輔', '任意保険（対人対物）', '三井住友海上', 100586, '2025-08-14', '2028-08-14', TRUE, '2026-04-07 20:48:38.096000'),
  ('I0047', 'C0090', 'S001', '片桐美咲', '自賠責保険', '東京海上日動', 49344, '2025-11-11', '2027-11-11', FALSE, '2026-04-07 20:48:38.096000'),
  ('I0048', 'C0091', 'S004', '黒田麻衣', '任意保険（対人対物）', '三井住友海上', 142853, '2025-08-16', '2028-08-16', FALSE, '2026-04-07 20:48:38.096000'),
  ('I0049', 'C0094', 'S007', '寺田直樹', '任意保険（車両）', '損保ジャパン', 160124, '2025-06-26', '2026-06-26', TRUE, '2026-04-07 20:48:38.096000'),
  ('I0050', 'C0095', 'S005', '竹内真司', '任意保険（対人対物）', 'あいおいニッセイ', 174326, '2025-12-10', '2026-12-10', FALSE, '2026-04-07 20:48:38.096000');

INSERT INTO IDOM_HANDSON.RAW_DATA.INSURANCE (INSURANCE_ID, CONTRACT_ID, STORE_ID, CUSTOMER_NAME, INSURANCE_TYPE, INSURANCE_COMPANY, PREMIUM_AMOUNT, COVERAGE_START, COVERAGE_END, IS_NEW_CONTRACT, CREATED_AT)
VALUES
  ('I0051', 'C0096', 'S010', '寺田直樹', '任意保険（対人対物）', '損保ジャパン', 194160, '2025-05-14', '2028-05-14', TRUE, '2026-04-07 20:48:38.096000'),
  ('I0052', 'C0098', 'S005', '池田真由美', '任意保険（車両）', '東京海上日動', 178930, '2025-09-06', '2026-09-06', FALSE, '2026-04-07 20:48:38.096000'),
  ('I0053', 'C0099', 'S004', '竹内真司', '任意保険（対人対物）', '東京海上日動', 48066, '2026-01-17', '2028-01-17', FALSE, '2026-04-07 20:48:38.096000'),
  ('I0054', 'C0101', 'S004', '瀬戸浩二', '任意保険（車両）', '東京海上日動', 185665, '2025-05-23', '2026-05-23', FALSE, '2026-04-07 20:48:38.096000'),
  ('I0055', 'C0103', 'S010', '片桐美咲', '自賠責保険', 'あいおいニッセイ', 67384, '2026-02-26', '2029-02-26', FALSE, '2026-04-07 20:48:38.096000'),
  ('I0056', 'C0106', 'S007', '黒田麻衣', '任意保険（車両）', '東京海上日動', 170731, '2025-05-29', '2027-05-29', TRUE, '2026-04-07 20:48:38.096000'),
  ('I0057', 'C0108', 'S002', '杉山恵子', '任意保険（車両）', '三井住友海上', 84978, '2025-10-23', '2026-10-23', FALSE, '2026-04-07 20:48:38.096000'),
  ('I0058', 'C0109', 'S003', '寺田直樹', '自賠責保険', '東京海上日動', 149786, '2025-04-21', '2026-04-21', TRUE, '2026-04-07 20:48:38.096000'),
  ('I0059', 'C0110', 'S010', '大西康平', '任意保険（対人対物）', '東京海上日動', 87389, '2025-08-14', '2026-08-14', FALSE, '2026-04-07 20:48:38.096000'),
  ('I0060', 'C0111', 'S009', '相川健太', '自賠責保険', '損保ジャパン', 43996, '2025-08-14', '2028-08-14', FALSE, '2026-04-07 20:48:38.096000'),
  ('I0061', 'C0113', 'S004', '野村康平', '任意保険（車両）', '三井住友海上', 105005, '2025-11-20', '2027-11-20', FALSE, '2026-04-07 20:48:38.096000'),
  ('I0062', 'C0114', 'S008', '野村康平', '任意保険（車両）', 'あいおいニッセイ', 164555, '2025-07-03', '2027-07-03', FALSE, '2026-04-07 20:48:38.096000'),
  ('I0063', 'C0115', 'S001', '上田浩二', '自賠責保険', '東京海上日動', 163450, '2025-12-02', '2027-12-02', FALSE, '2026-04-07 20:48:38.096000'),
  ('I0064', 'C0116', 'S007', '木下大輔', '自賠責保険', '三井住友海上', 79941, '2025-12-29', '2026-12-29', TRUE, '2026-04-07 20:48:38.096000'),
  ('I0065', 'C0117', 'S009', '瀬戸浩二', '自賠責保険', '損保ジャパン', 115523, '2025-08-13', '2027-08-13', FALSE, '2026-04-07 20:48:38.096000'),
  ('I0066', 'C0118', 'S007', '黒田麻衣', '任意保険（車両）', '東京海上日動', 106311, '2026-02-23', '2029-02-23', FALSE, '2026-04-07 20:48:38.096000'),
  ('I0067', 'C0122', 'S010', '清水拓也', '任意保険（対人対物）', '三井住友海上', 123377, '2026-04-06', '2029-04-06', FALSE, '2026-04-07 20:48:38.096000'),
  ('I0068', 'C0123', 'S006', '中島翔太', '自賠責保険', '損保ジャパン', 49485, '2025-08-17', '2027-08-17', TRUE, '2026-04-07 20:48:38.096000'),
  ('I0069', 'C0125', 'S010', '小松隆', '任意保険（車両）', 'あいおいニッセイ', 89006, '2025-04-25', '2026-04-25', FALSE, '2026-04-07 20:48:38.096000'),
  ('I0070', 'C0126', 'S002', '寺田直樹', '任意保険（車両）', '三井住友海上', 122561, '2026-03-28', '2027-03-28', FALSE, '2026-04-07 20:48:38.096000'),
  ('I0071', 'C0127', 'S010', '杉山恵子', '自賠責保険', '損保ジャパン', 30467, '2025-09-12', '2028-09-12', FALSE, '2026-04-07 20:48:38.096000'),
  ('I0072', 'C0128', 'S010', '青木翔', '任意保険（車両）', '東京海上日動', 181722, '2025-06-09', '2028-06-09', TRUE, '2026-04-07 20:48:38.096000'),
  ('I0073', 'C0131', 'S007', '池田真由美', '自賠責保険', '東京海上日動', 114874, '2026-01-30', '2029-01-30', TRUE, '2026-04-07 20:48:38.096000'),
  ('I0074', 'C0132', 'S002', '寺田直樹', '自賠責保険', '三井住友海上', 145161, '2025-07-23', '2026-07-23', TRUE, '2026-04-07 20:48:38.096000'),
  ('I0075', 'C0134', 'S009', '清水拓也', '自賠責保険', '東京海上日動', 52518, '2026-01-22', '2027-01-22', FALSE, '2026-04-07 20:48:38.096000'),
  ('I0076', 'C0135', 'S002', '池田真由美', '自賠責保険', '東京海上日動', 112165, '2025-12-25', '2028-12-25', TRUE, '2026-04-07 20:48:38.096000'),
  ('I0077', 'C0137', 'S008', '遠藤裕子', '自賠責保険', '東京海上日動', 107497, '2025-06-01', '2027-06-01', FALSE, '2026-04-07 20:48:38.096000'),
  ('I0078', 'C0138', 'S010', '瀬戸浩二', '自賠責保険', 'あいおいニッセイ', 35664, '2026-04-08', '2029-04-08', FALSE, '2026-04-07 20:48:38.096000'),
  ('I0079', 'C0139', 'S009', '青木翔', '自賠責保険', '三井住友海上', 66826, '2025-10-24', '2027-10-24', FALSE, '2026-04-07 20:48:38.096000'),
  ('I0080', 'C0140', 'S009', '木下大輔', '任意保険（車両）', '東京海上日動', 34317, '2025-05-07', '2026-05-07', FALSE, '2026-04-07 20:48:38.096000'),
  ('I0081', 'C0141', 'S004', '高木沙織', '任意保険（車両）', '三井住友海上', 96871, '2025-09-30', '2027-09-30', FALSE, '2026-04-07 20:48:38.096000'),
  ('I0082', 'C0142', 'S003', '相川健太', '任意保険（車両）', '東京海上日動', 108038, '2026-02-17', '2027-02-17', FALSE, '2026-04-07 20:48:38.096000'),
  ('I0083', 'C0147', 'S009', '谷口明美', '任意保険（車両）', '損保ジャパン', 97319, '2026-03-25', '2028-03-25', FALSE, '2026-04-07 20:48:38.096000'),
  ('I0084', 'C0148', 'S007', '高木沙織', '任意保険（車両）', '損保ジャパン', 97140, '2026-02-13', '2027-02-13', TRUE, '2026-04-07 20:48:38.096000'),
  ('I0085', 'C0150', 'S003', '青木翔', '任意保険（車両）', '東京海上日動', 32912, '2026-02-11', '2027-02-11', FALSE, '2026-04-07 20:48:38.096000'),
  ('I0086', 'C0151', 'S004', '杉山恵子', '任意保険（車両）', '東京海上日動', 164330, '2026-03-03', '2028-03-03', TRUE, '2026-04-07 20:48:38.096000'),
  ('I0087', 'C0154', 'S010', '杉山恵子', '任意保険（車両）', '東京海上日動', 128865, '2026-03-25', '2029-03-25', FALSE, '2026-04-07 20:48:38.096000'),
  ('I0088', 'C0156', 'S009', '野村康平', '自賠責保険', '東京海上日動', 122748, '2025-08-15', '2028-08-15', TRUE, '2026-04-07 20:48:38.096000'),
  ('I0089', 'C0161', 'S005', '相川健太', '自賠責保険', '東京海上日動', 195807, '2026-04-15', '2028-04-15', TRUE, '2026-04-07 20:48:38.096000'),
  ('I0090', 'C0163', 'S007', '上田浩二', '自賠責保険', '損保ジャパン', 180552, '2026-01-23', '2027-01-23', FALSE, '2026-04-07 20:48:38.096000'),
  ('I0091', 'C0165', 'S005', '相川健太', '自賠責保険', '三井住友海上', 188541, '2025-08-18', '2026-08-18', FALSE, '2026-04-07 20:48:38.096000'),
  ('I0092', 'C0167', 'S009', '黒田麻衣', '任意保険（対人対物）', '東京海上日動', 183184, '2026-04-02', '2027-04-02', TRUE, '2026-04-07 20:48:38.096000'),
  ('I0093', 'C0168', 'S003', '清水拓也', '任意保険（車両）', '損保ジャパン', 190640, '2026-04-06', '2027-04-06', FALSE, '2026-04-07 20:48:38.096000'),
  ('I0094', 'C0173', 'S005', '片桐美咲', '任意保険（対人対物）', '東京海上日動', 132689, '2026-01-13', '2028-01-13', FALSE, '2026-04-07 20:48:38.096000'),
  ('I0095', 'C0174', 'S001', '池田真由美', '任意保険（対人対物）', 'あいおいニッセイ', 158901, '2025-06-24', '2026-06-24', FALSE, '2026-04-07 20:48:38.096000'),
  ('I0096', 'C0177', 'S008', '清水拓也', '自賠責保険', '東京海上日動', 190450, '2025-04-15', '2028-04-15', FALSE, '2026-04-07 20:48:38.096000'),
  ('I0097', 'C0180', 'S003', '相川健太', '任意保険（対人対物）', 'あいおいニッセイ', 86783, '2025-04-24', '2027-04-24', FALSE, '2026-04-07 20:48:38.096000'),
  ('I0098', 'C0183', 'S009', '上田浩二', '自賠責保険', 'あいおいニッセイ', 67142, '2025-09-10', '2027-09-10', FALSE, '2026-04-07 20:48:38.096000'),
  ('I0099', 'C0185', 'S004', '杉山恵子', '自賠責保険', '損保ジャパン', 104636, '2026-02-26', '2029-02-26', FALSE, '2026-04-07 20:48:38.096000'),
  ('I0100', 'C0186', 'S008', '野村康平', '任意保険（対人対物）', '三井住友海上', 180686, '2025-07-23', '2026-07-23', FALSE, '2026-04-07 20:48:38.096000');

INSERT INTO IDOM_HANDSON.RAW_DATA.INSURANCE (INSURANCE_ID, CONTRACT_ID, STORE_ID, CUSTOMER_NAME, INSURANCE_TYPE, INSURANCE_COMPANY, PREMIUM_AMOUNT, COVERAGE_START, COVERAGE_END, IS_NEW_CONTRACT, CREATED_AT)
VALUES
  ('I0101', 'C0187', 'S003', '池田真由美', '任意保険（車両）', 'あいおいニッセイ', 43882, '2025-05-17', '2027-05-17', TRUE, '2026-04-07 20:48:38.096000'),
  ('I0102', 'C0190', 'S008', '寺田直樹', '自賠責保険', '東京海上日動', 155519, '2026-03-23', '2027-03-23', FALSE, '2026-04-07 20:48:38.096000'),
  ('I0103', 'C0191', 'S006', '瀬戸浩二', '任意保険（車両）', '東京海上日動', 181171, '2026-04-03', '2027-04-03', FALSE, '2026-04-07 20:48:38.096000'),
  ('I0104', 'C0192', 'S004', '寺田直樹', '自賠責保険', 'あいおいニッセイ', 177658, '2025-08-12', '2028-08-12', TRUE, '2026-04-07 20:48:38.096000'),
  ('I0105', 'C0193', 'S006', '高木沙織', '自賠責保険', 'あいおいニッセイ', 63201, '2025-12-19', '2026-12-19', FALSE, '2026-04-07 20:48:38.096000'),
  ('I0106', 'C0198', 'S003', '杉山恵子', '任意保険（車両）', '損保ジャパン', 154747, '2025-10-26', '2026-10-26', TRUE, '2026-04-07 20:48:38.096000'),
  ('I0107', 'C0200', 'S001', '高木沙織', '任意保険（対人対物）', '三井住友海上', 56820, '2025-12-28', '2028-12-28', FALSE, '2026-04-07 20:48:38.096000'),
  ('I0108', 'C0201', 'S005', '坂本由美', '任意保険（対人対物）', '損保ジャパン', 91381, '2025-05-12', '2028-05-12', FALSE, '2026-04-07 20:48:38.096000'),
  ('I0109', 'C0202', 'S010', '瀬戸浩二', '自賠責保険', '東京海上日動', 169791, '2025-12-11', '2026-12-11', FALSE, '2026-04-07 20:48:38.096000'),
  ('I0110', 'C0203', 'S009', '寺田直樹', '任意保険（対人対物）', '損保ジャパン', 166041, '2025-07-10', '2026-07-10', FALSE, '2026-04-07 20:48:38.096000'),
  ('I0111', 'C0205', 'S005', '坂本由美', '任意保険（対人対物）', '東京海上日動', 154212, '2025-12-22', '2027-12-22', FALSE, '2026-04-07 20:48:38.096000'),
  ('I0112', 'C0209', 'S005', '谷口明美', '任意保険（対人対物）', '三井住友海上', 188350, '2026-02-08', '2027-02-08', FALSE, '2026-04-07 20:48:38.096000'),
  ('I0113', 'C0210', 'S001', '清水拓也', '任意保険（対人対物）', 'あいおいニッセイ', 71008, '2025-11-24', '2026-11-24', FALSE, '2026-04-07 20:48:38.096000'),
  ('I0114', 'C0211', 'S003', '上田浩二', '任意保険（対人対物）', '損保ジャパン', 182739, '2025-11-04', '2026-11-04', TRUE, '2026-04-07 20:48:38.096000'),
  ('I0115', 'C0213', 'S005', '上田浩二', '任意保険（車両）', 'あいおいニッセイ', 46765, '2025-08-12', '2027-08-12', FALSE, '2026-04-07 20:48:38.096000'),
  ('I0116', 'C0214', 'S002', '高木沙織', '任意保険（車両）', '三井住友海上', 174962, '2025-10-04', '2027-10-04', FALSE, '2026-04-07 20:48:38.096000'),
  ('I0117', 'C0216', 'S007', '黒田麻衣', '自賠責保険', '三井住友海上', 54370, '2026-02-08', '2029-02-08', FALSE, '2026-04-07 20:48:38.096000'),
  ('I0118', 'C0220', 'S002', '寺田直樹', '任意保険（対人対物）', '損保ジャパン', 191456, '2025-07-02', '2027-07-02', FALSE, '2026-04-07 20:48:38.096000'),
  ('I0119', 'C0221', 'S005', '野村康平', '任意保険（車両）', '損保ジャパン', 194310, '2025-09-12', '2026-09-12', FALSE, '2026-04-07 20:48:38.096000'),
  ('I0120', 'C0222', 'S005', '青木翔', '任意保険（対人対物）', '三井住友海上', 75237, '2025-05-21', '2026-05-21', TRUE, '2026-04-07 20:48:38.096000'),
  ('I0121', 'C0223', 'S008', '相川健太', '任意保険（対人対物）', 'あいおいニッセイ', 125499, '2026-03-13', '2027-03-13', FALSE, '2026-04-07 20:48:38.096000'),
  ('I0122', 'C0224', 'S006', '谷口明美', '任意保険（対人対物）', 'あいおいニッセイ', 106957, '2025-07-06', '2026-07-06', FALSE, '2026-04-07 20:48:38.096000'),
  ('I0123', 'C0225', 'S010', '坂本由美', '任意保険（対人対物）', '損保ジャパン', 48028, '2025-09-21', '2026-09-21', FALSE, '2026-04-07 20:48:38.096000'),
  ('I0124', 'C0226', 'S009', '大西康平', '自賠責保険', '損保ジャパン', 151066, '2025-07-02', '2028-07-02', FALSE, '2026-04-07 20:48:38.096000'),
  ('I0125', 'C0227', 'S008', '中島翔太', '任意保険（車両）', '東京海上日動', 129487, '2026-04-25', '2029-04-25', FALSE, '2026-04-07 20:48:38.096000');




-- IDOM_HANDSON.RAW_DATA.ACTIVITY_LOGS: 400 rows (VARIANT/JSON)
INSERT INTO IDOM_HANDSON.RAW_DATA.ACTIVITY_LOGS (RAW_DATA)
SELECT PARSE_JSON(column1) FROM VALUES
  ('{"activity_id": "ACT0001", "negotiation_id": "N0024", "store_id": "S001", "customer_name": "上田浩二", "assigned_user_name": "鈴木一郎", "activity_type": "電話（受信）", "activity_date": "2026-03-25 10:15:00", "subject": "初回問合せ：ホンダ フィット 2019年式について", "body": "上田様より入電。Webで掲載中のホンダ フィット 2019年式（走行距離3.2万km）について問合せ。現在トヨタ ヴィッツに乗っており、燃費の良いコンパクトカーへの乗り換え希望。通勤用途で片道30km、月2回程度の遠出あり。予算は500万円前後。下取りも検討したいとのこと。週末の来店を提案、3/27(土)14時でアポ確定。", "created_at": "2026-04-07 21:15:46.102000"}'),
  ('{"activity_id": "ACT0002", "negotiation_id": "N0024", "store_id": "S001", "customer_name": "上田浩二", "assigned_user_name": "鈴木一郎", "activity_type": "来店対応", "activity_date": "2026-03-27 14:00:00", "subject": "来店ヒアリング・車両確認", "body": "上田様来店。ご家族（奥様）同伴。現車ヴィッツの状態確認→外装小キズあり、走行8.5万km。フィットの実車を確認いただき、内装の広さに好感触。ハイブリッドモデルの燃費性能（リッター30km）を説明。荷室の広さも気に入っていただけた。下取り査定額82万円を提示。奥様は色（白）を気に入っている様子。見積書を作成し、総額545万円（税込）で提示。「少し考えたい」とのことで、来週までにご連絡いただく約束。", "created_at": "2026-04-07 21:15:46.102000"}'),
  ('{"activity_id": "ACT0003", "negotiation_id": "N0024", "store_id": "S001", "customer_name": "上田浩二", "assigned_user_name": "鈴木一郎", "activity_type": "メール（送信）", "activity_date": "2026-03-27 18:30:00", "subject": "来店お礼・見積書送付", "body": "上田様へ来店お礼メール送信。見積書PDF添付。フィットの在庫状況として、同グレードの問合せが増えている旨をお伝え。下取り査定額の有効期限（2週間）についても記載。ご不明点があればいつでもご連絡くださいと添えた。", "created_at": "2026-04-07 21:15:46.102000"}'),
  ('{"activity_id": "ACT0004", "negotiation_id": "N0024", "store_id": "S001", "customer_name": "上田浩二", "assigned_user_name": "鈴木一郎", "activity_type": "電話（発信）", "activity_date": "2026-03-28 11:00:00", "subject": "フォローコール", "body": "上田様へ架電。奥様と相談中とのこと。価格面で「もう少し下がらないか」とご要望。下取り額の上乗せ（+5万円で87万円）を提案。また、今月中の成約であればコーティングサービスを無料で付けられることをご案内。「前向きに検討する」との回答。明日までにご連絡いただける見込み。", "created_at": "2026-04-07 21:15:46.102000"}'),
  ('{"activity_id": "ACT0005", "negotiation_id": "N0024", "store_id": "S001", "customer_name": "上田浩二", "assigned_user_name": "鈴木一郎", "activity_type": "電話（受信）", "activity_date": "2026-03-29 09:30:00", "subject": "成約連絡", "body": "上田様より入電。「購入を決めました」とのこと。最終条件：車両本体536万円、下取り87万円、コーティングサービス付き。本日午後に契約手続きのため来店予定。ローンは使わず現金一括とのこと。納車は4月第1週希望。", "created_at": "2026-04-07 21:15:46.102000"}'),
  ('{"activity_id": "ACT0006", "negotiation_id": "N0024", "store_id": "S001", "customer_name": "上田浩二", "assigned_user_name": "鈴木一郎", "activity_type": "契約手続き", "activity_date": "2026-03-29 15:00:00", "subject": "電子売契・契約完了", "body": "上田様来店、電子売契にて契約完了。車両本体536万円、諸費用込み総額545万円。下取りヴィッツ87万円。支払方法：現金一括。納車予定日：4/5(土)。任意保険の切替についてもご案内済み。保険担当に引継ぎ。上田様「対応が丁寧で安心して購入できた」とコメント。", "created_at": "2026-04-07 21:15:46.102000"}'),
  ('{"activity_id": "ACT0007", "negotiation_id": "N0529", "store_id": "S003", "customer_name": "片桐美咲", "assigned_user_name": "佐藤花子", "activity_type": "Web問合せ", "activity_date": "2026-04-07 08:45:00", "subject": "Web問合せ受信：トヨタ アクア", "body": "片桐様よりWebフォーム経由で問合せ。トヨタ アクア 2022年式に興味あり。現在車なし、初めての車購入。通勤で使いたいが、維持費が心配とのこと。予算は500万円以内。平日夕方か土日の来店希望。", "created_at": "2026-04-07 21:15:46.102000"}'),
  ('{"activity_id": "ACT0008", "negotiation_id": "N0529", "store_id": "S003", "customer_name": "片桐美咲", "assigned_user_name": "佐藤花子", "activity_type": "電話（発信）", "activity_date": "2026-04-07 10:30:00", "subject": "初回コンタクト：来店アポ調整", "body": "片桐様へ架電。お仕事の関係で平日は18時以降しか難しいとのこと。4/9(水)18:30でアポ確定。初めての車購入ということで、購入の流れや必要書類について簡単にご説明。駐車場の確保状況を確認→近くの月極を契約予定とのこと。", "created_at": "2026-04-07 21:15:46.102000"}'),
  ('{"activity_id": "ACT0009", "negotiation_id": "N0529", "store_id": "S003", "customer_name": "片桐美咲", "assigned_user_name": "佐藤花子", "activity_type": "来店対応", "activity_date": "2026-04-09 18:30:00", "subject": "来店ヒアリング・試乗", "body": "片桐様来店（お一人）。初めての車購入で緊張されている様子。丁寧にヒアリング実施。用途：通勤（片道15km）、休日の買い物。アクアの実車確認→サイズ感に安心。試乗実施（15分コース）。運転にやや不慣れだが「思ったより運転しやすい」との感想。燃費の良さ（リッター35km）を説明。見積り総額520万円を提示。ローンシミュレーション（60回払い、月々約8.7万円）もご案内。「親に相談してから決めたい」とのこと。", "created_at": "2026-04-07 21:15:46.102000"}'),
  ('{"activity_id": "ACT0010", "negotiation_id": "N0529", "store_id": "S003", "customer_name": "片桐美咲", "assigned_user_name": "佐藤花子", "activity_type": "電話（発信）", "activity_date": "2026-04-14 11:00:00", "subject": "フォローコール", "body": "片桐様へ架電。留守電にメッセージを残す。「ご検討状況いかがでしょうか。ご質問があればいつでもご連絡ください」と伝言。", "created_at": "2026-04-07 21:15:46.102000"}'),
  ('{"activity_id": "ACT0011", "negotiation_id": "N0529", "store_id": "S003", "customer_name": "片桐美咲", "assigned_user_name": "佐藤花子", "activity_type": "LINE", "activity_date": "2026-04-15 20:15:00", "subject": "LINEでのやり取り", "body": "片桐様よりLINE返信。「親に相談したところ、もう少し安い車にしたらと言われました。今回は見送ろうと思います。また機会があればよろしくお願いします」とのメッセージ。購入見送りの意思表示。丁寧にお礼を返信し、今後も良い車両があればご案内する旨をお伝え。", "created_at": "2026-04-07 21:15:46.102000"}'),
  ('{"activity_id": "ACT0012", "negotiation_id": "N0114", "store_id": "S001", "customer_name": "片桐美咲", "assigned_user_name": "藤田康平", "activity_type": "電話（受信）", "activity_date": "2026-04-06 13:20:00", "subject": "問合せ：スバル フォレスター", "body": "片桐様より入電。スバル フォレスター 2022年式について問合せ。現在ホンダ ヴェゼルに乗っているが、アウトドア趣味のため4WDの車に乗り換えたいとのこと。キャンプによく行くため荷室の広さ重視。予算は250万円。4/8(火)に来店希望。", "created_at": "2026-04-07 21:15:46.102000"}'),
  ('{"activity_id": "ACT0013", "negotiation_id": "N0114", "store_id": "S001", "customer_name": "片桐美咲", "assigned_user_name": "藤田康平", "activity_type": "来店対応", "activity_date": "2026-04-08 14:00:00", "subject": "来店ヒアリング・車両確認", "body": "片桐様来店。フォレスターの実車確認。荷室の広さに満足、ルーフレール付きでキャンプ用品の積載イメージが湧いた様子。AWDの走行性能についても詳しく説明。ただし、提示価格305万円に対し「予算オーバー」とのこと。当社の提示価格は市場相場として適正であることを説明。280万円まで下げられないかとの交渉あり。上長に相談する旨お伝えし、翌日回答する約束。", "created_at": "2026-04-07 21:15:46.102000"}'),
  ('{"activity_id": "ACT0014", "negotiation_id": "N0114", "store_id": "S001", "customer_name": "片桐美咲", "assigned_user_name": "藤田康平", "activity_type": "社内メモ", "activity_date": "2026-04-08 17:00:00", "subject": "値引き相談（店長）", "body": "店長の山田SV に相談。フォレスター2022年式、仕入れ価格と利益率を考慮し、最大290万円まで値引き可能との回答。これ以上の値引きは利益確保が困難。片桐様の希望280万円との差額10万円。下取りのヴェゼルで調整できないか検討。", "created_at": "2026-04-07 21:15:46.102000"}'),
  ('{"activity_id": "ACT0015", "negotiation_id": "N0114", "store_id": "S001", "customer_name": "片桐美咲", "assigned_user_name": "藤田康平", "activity_type": "電話（発信）", "activity_date": "2026-04-09 10:30:00", "subject": "価格回答", "body": "片桐様へ架電。290万円が最大限の値引きであることをお伝え。下取りヴェゼルの査定で+5万円の上乗せを提案（実質285万円相当）。片桐様「やっぱり280万円は厳しいですか…他のお店も見てみたいと思います」との回答。「他社さんの条件と比較いただいて、もし当社が良ければいつでもご連絡ください」とお伝えした。", "created_at": "2026-04-07 21:15:46.102000"}'),
  ('{"activity_id": "ACT0016", "negotiation_id": "N0114", "store_id": "S001", "customer_name": "片桐美咲", "assigned_user_name": "藤田康平", "activity_type": "電話（受信）", "activity_date": "2026-04-16 16:00:00", "subject": "他社購入の連絡", "body": "片桐様より入電。「他のお店で条件の合うフォレスターが見つかりましたので、そちらで購入することにしました。丁寧にご対応いただきありがとうございました」との連絡。価格不一致で不成約。他社（中古車販売大手B社）で278万円の同年式フォレスターを見つけた模様。", "created_at": "2026-04-07 21:15:46.102000"}'),
  ('{"activity_id": "ACT0017", "negotiation_id": "N0369", "store_id": "S007", "customer_name": "上田浩二", "assigned_user_name": "渡辺美穂", "activity_type": "電話（受信）", "activity_date": "2026-04-06 09:00:00", "subject": "急ぎの問合せ：フォレスター", "body": "上田様より入電。スバル フォレスター 2020年式について。事故で現在の車が全損になり、至急代わりの車が必要とのこと。保険会社との手続きも並行中。本日中に見に行きたいとの強い希望。10:30にアポ確定。", "created_at": "2026-04-07 21:15:46.102000"}'),
  ('{"activity_id": "ACT0018", "negotiation_id": "N0369", "store_id": "S007", "customer_name": "上田浩二", "assigned_user_name": "渡辺美穂", "activity_type": "来店対応", "activity_date": "2026-04-06 10:30:00", "subject": "来店・即日商談", "body": "上田様来店。事故の状況をヒアリング。前車はスバル レヴォーグ（2018年式）、保険金約150万円が見込まれる。フォレスターの実車確認→即座に「これにします」との意思表示。試乗も実施、AWD性能に満足。価格交渉：提示383万円に対し、「保険金を頭金にしたい、残りはローンで」とのこと。見積り作成、ローン審査の手続きに入る。最短納車を希望。", "created_at": "2026-04-07 21:15:46.102000"}'),
  ('{"activity_id": "ACT0019", "negotiation_id": "N0369", "store_id": "S007", "customer_name": "上田浩二", "assigned_user_name": "渡辺美穂", "activity_type": "電話（発信）", "activity_date": "2026-04-07 09:00:00", "subject": "ローン審査結果連絡", "body": "上田様へ架電。ローン審査通過の連絡。36回払い、月々約6.5万円。本日契約手続きに来店可能とのこと。午後イチで来店予定。レンタカーの手配状況も確認→保険会社負担で手配済み。納車まではレンタカーで対応可能とのこと。", "created_at": "2026-04-07 21:15:46.102000"}'),
  ('{"activity_id": "ACT0020", "negotiation_id": "N0369", "store_id": "S007", "customer_name": "上田浩二", "assigned_user_name": "渡辺美穂", "activity_type": "契約手続き", "activity_date": "2026-04-07 13:00:00", "subject": "契約完了・最短納車手配", "body": "上田様来店、契約完了。車両383万円、ローン36回。納車は4/10(木)で調整。整備・クリーニングを急ぎで手配。保険の切替手続きも同時進行。上田様「急な事故で困っていたが、迅速に対応してもらえて本当に助かった」とのこと。", "created_at": "2026-04-07 21:15:46.102000"}'),
  ('{"activity_id": "ACT0021", "negotiation_id": "N0513", "store_id": "S004", "customer_name": "杉山恵子", "assigned_user_name": "鈴木一郎", "activity_type": "来店対応", "activity_date": "2026-04-05 11:00:00", "subject": "飛び込み来店：プリウス問合せ", "body": "杉山様、予約なしで来店。店頭に展示中のプリウス 2021年式に目が留まった様子。軽くヒアリング→現在の車（ダイハツ ムーヴ）の車検が来月切れるため、乗り換えを検討中。ただし「まだ決めていない、情報収集中」との温度感。見積りは希望せず、カタログとお名刺をお渡し。連絡先をいただく。", "created_at": "2026-04-07 21:15:46.102000"}'),
  ('{"activity_id": "ACT0022", "negotiation_id": "N0513", "store_id": "S004", "customer_name": "杉山恵子", "assigned_user_name": "鈴木一郎", "activity_type": "電話（発信）", "activity_date": "2026-04-08 14:00:00", "subject": "フォローコール①", "body": "杉山様へ架電。不在、留守電にメッセージ。「先日はご来店ありがとうございました。プリウスについてご質問があればいつでもご連絡ください」と伝言。", "created_at": "2026-04-07 21:15:46.102000"}'),
  ('{"activity_id": "ACT0023", "negotiation_id": "N0513", "store_id": "S004", "customer_name": "杉山恵子", "assigned_user_name": "鈴木一郎", "activity_type": "メール（送信）", "activity_date": "2026-04-10 10:00:00", "subject": "フォローメール", "body": "杉山様へメール送信。プリウスの詳細スペック、燃費データ、在庫状況をまとめた資料を添付。ムーヴからの乗り換えであれば下取りも可能であることをご案内。車検期限が近いため、早めのご検討をお勧めする旨記載。", "created_at": "2026-04-07 21:15:46.102000"}'),
  ('{"activity_id": "ACT0024", "negotiation_id": "N0513", "store_id": "S004", "customer_name": "杉山恵子", "assigned_user_name": "鈴木一郎", "activity_type": "電話（発信）", "activity_date": "2026-04-15 11:00:00", "subject": "フォローコール②", "body": "杉山様へ架電。呼び出し音のみ、不在。留守電にメッセージを残す。", "created_at": "2026-04-07 21:15:46.102000"}'),
  ('{"activity_id": "ACT0025", "negotiation_id": "N0513", "store_id": "S004", "customer_name": "杉山恵子", "assigned_user_name": "鈴木一郎", "activity_type": "電話（発信）", "activity_date": "2026-04-22 10:30:00", "subject": "フォローコール③", "body": "杉山様へ架電。不在。3回目の架電でも繋がらず。メールの開封確認→未開封。今後のフォロー方針について店長と相談必要。", "created_at": "2026-04-07 21:15:46.102000"}'),
  ('{"activity_id": "ACT0026", "negotiation_id": "N0513", "store_id": "S004", "customer_name": "杉山恵子", "assigned_user_name": "鈴木一郎", "activity_type": "社内メモ", "activity_date": "2026-04-22 15:00:00", "subject": "連絡不通：対応方針", "body": "店長の高橋SV と相談。杉山様は3回架電・メール1通で一切反応なし。飛び込み来店で温度感も低かった。これ以上の積極的なアプローチは逆効果の可能性あり。1ヶ月後にDMを送付するリストに追加し、一旦クローズとする方針で合意。不成約（連絡不通）で処理。", "created_at": "2026-04-07 21:15:46.102000"}'),
  ('{"activity_id": "ACT0027", "negotiation_id": "N0059", "store_id": "S007", "customer_name": "杉山恵子", "assigned_user_name": "中村麻衣", "activity_type": "LINE", "activity_date": "2026-04-05 19:00:00", "subject": "LINE問合せ：プリウス", "body": "杉山様よりLINE友だち追加後、メッセージ。「プリウス 2021年式の在庫ありますか？仙台市内で探しています。ダイハツのムーヴから乗り換え予定です」。在庫確認→1台あり。写真を数枚送付し、来店をご提案。", "created_at": "2026-04-07 21:15:46.102000"}'),
  ('{"activity_id": "ACT0028", "negotiation_id": "N0059", "store_id": "S007", "customer_name": "杉山恵子", "assigned_user_name": "中村麻衣", "activity_type": "LINE", "activity_date": "2026-04-06 10:00:00", "subject": "LINEでの詳細やり取り", "body": "杉山様とLINEで複数回やり取り。走行距離、修復歴、タイヤの状態について質問あり→全て回答。「近所のディーラーでも見積もりを取っている」とのこと。競合はトヨタ認定中古車（U-Car）。4/12(土)来店でアポ確定。", "created_at": "2026-04-07 21:15:46.102000"}'),
  ('{"activity_id": "ACT0029", "negotiation_id": "N0059", "store_id": "S007", "customer_name": "杉山恵子", "assigned_user_name": "中村麻衣", "activity_type": "来店対応", "activity_date": "2026-04-12 13:00:00", "subject": "来店・試乗・見積り", "body": "杉山様来店。プリウスの実車確認、試乗実施。「乗り心地が良い」「ムーヴとは全然違う」と好感触。見積り：車両210万円、諸費用込み約225万円。下取りムーヴ65万円。ローン提案（36回、月4.4万円）。杉山様「トヨタの認定中古車と比べて検討したい。向こうは保証が手厚いので」との発言。当社の保証プラン（最長3年）について詳しく説明。", "created_at": "2026-04-07 21:15:46.102000"}'),
  ('{"activity_id": "ACT0030", "negotiation_id": "N0059", "store_id": "S007", "customer_name": "杉山恵子", "assigned_user_name": "中村麻衣", "activity_type": "LINE", "activity_date": "2026-04-18 12:00:00", "subject": "LINEフォロー", "body": "杉山様へLINEでフォロー。「ご検討状況いかがですか？当社の保証プランの詳細資料をお送りしましょうか？」と送信。既読つくも返信なし。", "created_at": "2026-04-07 21:15:46.102000"}'),
  ('{"activity_id": "ACT0031", "negotiation_id": "N0059", "store_id": "S007", "customer_name": "杉山恵子", "assigned_user_name": "中村麻衣", "activity_type": "LINE", "activity_date": "2026-04-25 14:00:00", "subject": "LINE：他社購入の報告", "body": "杉山様よりLINE。「色々考えたのですが、トヨタの認定中古車でプリウスを購入することにしました。保証内容が決め手でした。ご丁寧にありがとうございました」。未成約（他社購入）。トヨタ認定中古車の2年保証に対し、当社の保証説明が十分でなかった可能性。保証プランの訴求方法を改善すべき。", "created_at": "2026-04-07 21:15:46.102000"}'),
  ('{"activity_id": "ACT0032", "negotiation_id": "N0335", "store_id": "S003", "customer_name": "寺田直樹", "assigned_user_name": "石井由美", "activity_type": "電話（受信）", "activity_date": "2026-04-03 11:00:00", "subject": "問合せ：日産ノート e-POWER", "body": "寺田様より入電。日産ノート e-POWER 2022年式について。セカンドカーとして検討中。奥様の買い物・送迎用途。予算は350万円以内を希望。4/5(土)来店でアポ。", "created_at": "2026-04-07 21:15:46.102000"}'),
  ('{"activity_id": "ACT0033", "negotiation_id": "N0335", "store_id": "S003", "customer_name": "寺田直樹", "assigned_user_name": "石井由美", "activity_type": "来店対応", "activity_date": "2026-04-05 10:30:00", "subject": "来店・奥様同伴", "body": "寺田様ご夫婦で来店。奥様が主に運転されるとのこと。ノートe-POWERの実車確認。奥様は「コンパクトで運転しやすい」と好評。e-POWERの静粛性にも驚かれた。ただし、提示価格398万円に対し「350万円が上限」と明確におっしゃる。差額約50万円。値引き交渉の余地を検討するため、翌週に回答することに。", "created_at": "2026-04-07 21:15:46.102000"}'),
  ('{"activity_id": "ACT0034", "negotiation_id": "N0335", "store_id": "S003", "customer_name": "寺田直樹", "assigned_user_name": "石井由美", "activity_type": "社内メモ", "activity_date": "2026-04-05 17:00:00", "subject": "値引き検討", "body": "店長と相談。仕入れ価格から逆算し、最大値引きは380万円（18万円引き）。寺田様の希望350万円には30万円届かない。下取り車なし。これ以上の値引きは困難。", "created_at": "2026-04-07 21:15:46.102000"}'),
  ('{"activity_id": "ACT0035", "negotiation_id": "N0335", "store_id": "S003", "customer_name": "寺田直樹", "assigned_user_name": "石井由美", "activity_type": "電話（発信）", "activity_date": "2026-04-07 10:00:00", "subject": "価格回答", "body": "寺田様へ架電。最大限の値引きとして380万円をご提示。寺田様「うーん、やっぱり350万円は無理ですか…。少し考えさせてください」。1週間ほど検討期間をいただく。", "created_at": "2026-04-07 21:15:46.102000"}'),
  ('{"activity_id": "ACT0036", "negotiation_id": "N0335", "store_id": "S003", "customer_name": "寺田直樹", "assigned_user_name": "石井由美", "activity_type": "電話（発信）", "activity_date": "2026-04-14 11:00:00", "subject": "フォローコール", "body": "寺田様へ架電。「やはり予算的に厳しいので、今回は見送ります。もう少し安い年式のものが出たら教えてください」との回答。不成約（価格不一致）。2020年式以前のノートが入荷した際にご連絡するリストに追加。", "created_at": "2026-04-07 21:15:46.102000"}'),
  ('{"activity_id": "ACT0037", "negotiation_id": "N0415", "store_id": "S010", "customer_name": "大西康平", "assigned_user_name": "小林翔太", "activity_type": "紹介", "activity_date": "2026-04-05 09:30:00", "subject": "紹介案件：ハリアー", "body": "既存顧客の田中様からの紹介で大西様の情報を受領。ハリアー 2020年式に興味あり。田中様「大西は車好きで、SUVが欲しいと言っていた」とのコメント。大西様へ架電しアポ調整。4/8(火)19時で来店アポ。", "created_at": "2026-04-07 21:15:46.102000"}'),
  ('{"activity_id": "ACT0038", "negotiation_id": "N0415", "store_id": "S010", "customer_name": "大西康平", "assigned_user_name": "小林翔太", "activity_type": "来店対応", "activity_date": "2026-04-08 19:00:00", "subject": "来店・車両確認", "body": "大西様来店。仕事帰りで19時来店。ハリアーの実車確認。グレード・装備に詳しく、かなりの車好き。「他の店でも見ている」とのこと。具体的にはディーラー認定中古車とカーセンサー掲載車を比較中。見積り275万円を提示。「まぁ、相場通りですね」とクールな反応。即決はせず「連絡します」と帰られた。", "created_at": "2026-04-07 21:15:46.102000"}'),
  ('{"activity_id": "ACT0039", "negotiation_id": "N0415", "store_id": "S010", "customer_name": "大西康平", "assigned_user_name": "小林翔太", "activity_type": "電話（発信）", "activity_date": "2026-04-12 10:00:00", "subject": "フォローコール①", "body": "大西様へ架電。不在。留守電なし（留守電設定されていない模様）。", "created_at": "2026-04-07 21:15:46.102000"}'),
  ('{"activity_id": "ACT0040", "negotiation_id": "N0415", "store_id": "S010", "customer_name": "大西康平", "assigned_user_name": "小林翔太", "activity_type": "電話（発信）", "activity_date": "2026-04-18 15:00:00", "subject": "フォローコール②", "body": "大西様へ架電。不在。SMSでメッセージを送信。「先日はご来店ありがとうございました。ハリアーのご検討状況はいかがでしょうか？」と送信。既読確認不可。", "created_at": "2026-04-07 21:15:46.102000"}'),
  ('{"activity_id": "ACT0041", "negotiation_id": "N0415", "store_id": "S010", "customer_name": "大西康平", "assigned_user_name": "小林翔太", "activity_type": "社内メモ", "activity_date": "2026-04-25 10:00:00", "subject": "連絡不通：未成約処理", "body": "大西様、来店後2週間以上経過、架電2回・SMS1通で反応なし。紹介元の田中様に確認→「最近忙しいみたいで、車の話は聞いていない」とのこと。他社で購入した可能性もあるが確認不能。未成約（連絡不通）で処理。紹介元にお礼を伝達済み。", "created_at": "2026-04-07 21:15:46.102000"}'),
  ('{"activity_id": "ACT0042", "negotiation_id": "N0448", "store_id": "S003", "customer_name": "清水拓也", "assigned_user_name": "高橋健一", "activity_type": "電話（受信）", "activity_date": "2026-03-30 10:00:00", "subject": "問合せ：プリウス格安車両", "body": "清水様より入電。Webで掲載中のプリウス 2020年式（102万円）について。「この価格で本当に大丈夫ですか？」と品質面を心配されている。走行12万kmだが整備済みであること、当社の保証付きであることを説明。来店日程調整→3/31(月)14時。", "created_at": "2026-04-07 21:15:46.102000"}'),
  ('{"activity_id": "ACT0043", "negotiation_id": "N0448", "store_id": "S003", "customer_name": "清水拓也", "assigned_user_name": "高橋健一", "activity_type": "来店対応", "activity_date": "2026-03-31 14:00:00", "subject": "来店・即日成約", "body": "清水様来店。プリウスの実車確認。走行12万kmだが、エンジン・ミッション・足回りの状態を丁寧に説明。試乗実施→「全然問題ない」との感想。「会社の通勤用なのでとにかく安くて燃費が良ければいい」とのこと。値引き交渉：提示102万円→端数切って100万円で合意。即日仮契約。法人リースの可能性も確認→個人購入で確定。", "created_at": "2026-04-07 21:15:46.102000"}'),
  ('{"activity_id": "ACT0044", "negotiation_id": "N0448", "store_id": "S003", "customer_name": "清水拓也", "assigned_user_name": "高橋健一", "activity_type": "電話（発信）", "activity_date": "2026-04-02 09:00:00", "subject": "書類確認・納車日調整", "body": "清水様へ架電。必要書類（印鑑証明、車庫証明）の確認。車庫証明はご自身で取得予定。納車は4/6(日)で調整。ナンバープレートの希望番号確認→特になし。", "created_at": "2026-04-07 21:15:46.102000"}'),
  ('{"activity_id": "ACT0045", "negotiation_id": "N0448", "store_id": "S003", "customer_name": "清水拓也", "assigned_user_name": "高橋健一", "activity_type": "契約手続き", "activity_date": "2026-04-06 10:00:00", "subject": "納車完了", "body": "清水様来店、納車完了。総額108万円（諸費用込み）。現金払い。取扱説明、メンテナンスパック（オイル交換3回付き）のご案内。清水様「これだけ安くて状態が良いなら大満足です。また何かあればお願いします」とのコメント。紹介カードをお渡し。", "created_at": "2026-04-07 21:15:46.102000"}'),
  ('{"activity_id": "ACT0046", "negotiation_id": "N0332", "store_id": "S009", "customer_name": "野村康平", "assigned_user_name": "森田沙織", "activity_type": "Web問合せ", "activity_date": "2026-04-04 22:00:00", "subject": "深夜Web問合せ：フォレスター", "body": "野村様よりWebフォーム。スバル フォレスター 2024年式（530万円）について。「高年式のフォレスターを探している。現車はCX-5。できれば今月中に乗り換えたい」とのコメント。電話番号あり、メールアドレスあり。翌朝対応予定。", "created_at": "2026-04-07 21:15:46.102000"}'),
  ('{"activity_id": "ACT0047", "negotiation_id": "N0332", "store_id": "S009", "customer_name": "野村康平", "assigned_user_name": "森田沙織", "activity_type": "電話（発信）", "activity_date": "2026-04-05 09:30:00", "subject": "初回架電", "body": "野村様へ架電。お出になったが「今仕事中なので後で折り返します」と短い会話で終了。折り返し待ち。", "created_at": "2026-04-07 21:15:46.102000"}'),
  ('{"activity_id": "ACT0048", "negotiation_id": "N0332", "store_id": "S009", "customer_name": "野村康平", "assigned_user_name": "森田沙織", "activity_type": "社内メモ", "activity_date": "2026-05-03 10:00:00", "subject": "折り返しなし：未成約処理", "body": "野村様、初回架電から約1ヶ月経過。折り返しなし。メール1通送信（4/10）も反応なし。Web問合せの温度感が高そうだったが、架電タイミングが悪かった可能性。今後、Web問合せに対する初回レスポンス時間の短縮と、夜間問合せへの翌朝一番対応を徹底すべき。未成約（連絡不通）で処理。", "created_at": "2026-04-07 21:15:46.102000"}'),
  ('{"activity_id": "ACT0049", "negotiation_id": "N0434", "store_id": "S005", "customer_name": "相川健太", "assigned_user_name": "小林翔太", "activity_type": "LINE", "activity_date": "2026-04-06 21:30:00", "subject": "LINE問合せ：アクア", "body": "相川様よりLINE。「トヨタ アクア 2020年式ってまだありますか？免許取ったばかりで初めての車です。予算200万くらいで探してます」。在庫あり。写真と基本スペックを送信。相川様は22歳、社会人1年目とのこと。", "created_at": "2026-04-07 21:17:43.495000"}'),
  ('{"activity_id": "ACT0050", "negotiation_id": "N0434", "store_id": "S005", "customer_name": "相川健太", "assigned_user_name": "小林翔太", "activity_type": "LINE", "activity_date": "2026-04-07 12:30:00", "subject": "LINEやり取り：質問対応", "body": "相川様よりLINE複数質問。「保険料ってどのくらいかかりますか？」「任意保険は入らないとダメですか？」「ローンは組めますか？新卒でも大丈夫ですか？」→すべて丁寧に回答。若年層向けの保険プラン、新卒でも審査通りやすいローン会社（最大84回払い）をご紹介。来店を提案→4/10(木)19時で確定。", "created_at": "2026-04-07 21:17:43.495000"}');

INSERT INTO IDOM_HANDSON.RAW_DATA.ACTIVITY_LOGS (RAW_DATA)
SELECT PARSE_JSON(column1) FROM VALUES
  ('{"activity_id": "ACT0051", "negotiation_id": "N0434", "store_id": "S005", "customer_name": "相川健太", "assigned_user_name": "小林翔太", "activity_type": "来店対応", "activity_date": "2026-04-10 19:00:00", "subject": "来店・ご両親同伴", "body": "相川様来店。ご両親（父母）同伴。初めての車購入で不安そうな様子。お父様は車に詳しく、エンジンルームやタイヤの状態を確認。試乗はお父様が運転→「状態は良いですね」とコメント。見積り提示：車両190万円、諸費用込み約210万円。ローン60回（月3.5万円）。お父様「もう少し下がらない？」→端数を切って総額205万円で提示。ご家族で相談。", "created_at": "2026-04-07 21:17:43.495000"}'),
  ('{"activity_id": "ACT0052", "negotiation_id": "N0434", "store_id": "S005", "customer_name": "相川健太", "assigned_user_name": "小林翔太", "activity_type": "LINE", "activity_date": "2026-04-12 18:00:00", "subject": "LINE：購入決定", "body": "相川様よりLINE。「親とも話して、購入することに決めました！いつ契約に行けばいいですか？」。4/15(火)19時で契約アポ。必要書類リストをLINEで送付。住民票、印鑑証明の取得方法もご案内（初めてのため不慣れ）。", "created_at": "2026-04-07 21:17:43.495000"}'),
  ('{"activity_id": "ACT0053", "negotiation_id": "N0434", "store_id": "S005", "customer_name": "相川健太", "assigned_user_name": "小林翔太", "activity_type": "契約手続き", "activity_date": "2026-04-15 19:00:00", "subject": "契約完了・保険同時加入", "body": "相川様来店、契約完了。総額205万円、60回ローン。初めての車ということで、任意保険もセットでご加入（車両保険付きプラン、月12,000円）。納車は4/22(火)予定。ETC取付とドライブレコーダー後付けも希望→納車時に施工予定。相川様「自分の車が持てるの嬉しいです！」とテンション高め。お父様からも「安心してお任せできました」とのコメント。", "created_at": "2026-04-07 21:17:43.495000"}'),
  ('{"activity_id": "ACT0054", "negotiation_id": "N0083", "store_id": "S004", "customer_name": "黒田麻衣", "assigned_user_name": "井上大輔", "activity_type": "電話（受信）", "activity_date": "2026-04-04 14:00:00", "subject": "問合せ：マツダ CX-5", "body": "黒田様より入電。マツダ CX-5 2024年式について。現在日産エクストレイルに乗っているが、マツダのデザインが気になるとのこと。「CX-5の走りが好きだと友人に勧められた」。週末の来店希望。4/6(日)11時でアポ。", "created_at": "2026-04-07 21:17:43.495000"}'),
  ('{"activity_id": "ACT0055", "negotiation_id": "N0083", "store_id": "S004", "customer_name": "黒田麻衣", "assigned_user_name": "井上大輔", "activity_type": "来店対応", "activity_date": "2026-04-06 11:00:00", "subject": "来店・試乗・比較検討", "body": "黒田様来店（お一人）。30代女性、アクティブな印象。CX-5の実車確認→「やっぱりデザインが素敵」。ディーゼルモデルのトルク感を試乗で体感→「これは全然違う！エクストレイルよりキビキビ走る」と興奮気味。i-ACTIVSENSEの安全装備についても詳しく説明。見積り345万円。下取りエクストレイル約30万円。「主人に相談してから」とのこと。", "created_at": "2026-04-07 21:17:43.495000"}'),
  ('{"activity_id": "ACT0056", "negotiation_id": "N0083", "store_id": "S004", "customer_name": "黒田麻衣", "assigned_user_name": "井上大輔", "activity_type": "電話（発信）", "activity_date": "2026-04-09 11:00:00", "subject": "フォローコール", "body": "黒田様へ架電。ご主人も興味があるとのことで、もう一度来店して一緒に試乗したいとのリクエスト。4/13(日)10時で再来店アポ。ご主人用に別途見積りも用意しておく旨お伝え。", "created_at": "2026-04-07 21:17:43.495000"}'),
  ('{"activity_id": "ACT0057", "negotiation_id": "N0083", "store_id": "S004", "customer_name": "黒田麻衣", "assigned_user_name": "井上大輔", "activity_type": "来店対応", "activity_date": "2026-04-13 10:00:00", "subject": "再来店・ご主人同伴・成約", "body": "黒田様ご夫婦で来店。ご主人も試乗→「確かにこれはいい車だ」とのこと。価格交渉：ご主人が「340万円にしてもらえないか」→下取り上乗せで実質335万円相当で合意。即日仮契約。ご主人「妻がこんなに気に入っている車は初めてだ」と笑顔。保険の見直しも同時にご提案→検討中。", "created_at": "2026-04-07 21:17:43.495000"}'),
  ('{"activity_id": "ACT0058", "negotiation_id": "N0080", "store_id": "S010", "customer_name": "中島翔太", "assigned_user_name": "松本美咲", "activity_type": "電話（受信）", "activity_date": "2026-04-03 16:00:00", "subject": "問合せ：アルファード", "body": "中島様より入電。トヨタ アルファード 2021年式について。4人家族（お子様2人、3歳と1歳）で、ミニバンに乗り換え検討中。現車はトヨタ シエンタ。予算は450万円前後。下取りも希望。4/6(日)来店予定。", "created_at": "2026-04-07 21:17:43.495000"}'),
  ('{"activity_id": "ACT0059", "negotiation_id": "N0080", "store_id": "S010", "customer_name": "中島翔太", "assigned_user_name": "松本美咲", "activity_type": "来店対応", "activity_date": "2026-04-06 13:00:00", "subject": "来店・家族全員で確認", "body": "中島様ご家族4人で来店。お子様が小さいため、チャイルドシートの設置確認や乗り降りのしやすさを重点的にチェック。奥様はスライドドアの開口部の広さに安心。3列目シートの広さも確認。見積り：車両465万円、下取りシエンタ114万円。差額351万円。ローンシミュレーション提示。中島様「ちょっと思ったより高いな…シエンタの下取りがもっと高ければ…」。", "created_at": "2026-04-07 21:17:43.495000"}'),
  ('{"activity_id": "ACT0060", "negotiation_id": "N0080", "store_id": "S010", "customer_name": "中島翔太", "assigned_user_name": "松本美咲", "activity_type": "電話（発信）", "activity_date": "2026-04-10 10:00:00", "subject": "フォローコール", "body": "中島様へ架電。検討中とのこと。「実は奥さんから、3人目を考えているからもう少し先でもいいのではと言われた」との新情報。購入意欲が下がっている印象。「お子様が増えた後の方が、サイズ感の判断もしやすいかもしれませんね」とアドバイス。急かさず、時期が来たらご連絡くださいとお伝え。", "created_at": "2026-04-07 21:17:43.495000"}'),
  ('{"activity_id": "ACT0061", "negotiation_id": "N0080", "store_id": "S010", "customer_name": "中島翔太", "assigned_user_name": "松本美咲", "activity_type": "電話（発信）", "activity_date": "2026-04-20 11:00:00", "subject": "フォロー②", "body": "中島様へ架電。「やっぱり今回は見送ることにしました。もう一人生まれてから改めて考えます。その時はまた相談させてください」との回答。未成約（購入見送り）。将来のフォローリスト（半年後）に追加。", "created_at": "2026-04-07 21:17:43.495000"}'),
  ('{"activity_id": "ACT0062", "negotiation_id": "N0452", "store_id": "S004", "customer_name": "片桐美咲", "assigned_user_name": "田中太郎", "activity_type": "電話（受信）", "activity_date": "2026-03-31 09:00:00", "subject": "問合せ：アルファード 2021年式", "body": "片桐様より入電。トヨタ アルファード 2021年式に問合せ。現在トヨタ ヴェルファイアに乗っており、同系統での乗り換え。「ヴェルファイアの下取り額次第で検討したい」とのこと。下取り査定のため来店を提案。4/3(木)来店。", "created_at": "2026-04-07 21:17:43.495000"}'),
  ('{"activity_id": "ACT0063", "negotiation_id": "N0452", "store_id": "S004", "customer_name": "片桐美咲", "assigned_user_name": "田中太郎", "activity_type": "来店対応", "activity_date": "2026-04-03 14:00:00", "subject": "来店・下取り査定・価格交渉", "body": "片桐様来店。ヴェルファイア（2019年式、走行5.8万km）の下取り査定実施→195万円を提示。片桐様「もう少し高くならないか。他社では210万円と言われた」と交渉。アルファードの車両価格393万円と合わせると、実質負担198万円。片桐様の希望は実質150万円以内。「下取り額を上げるか、車両価格を下げるか」と要望。", "created_at": "2026-04-07 21:17:43.495000"}'),
  ('{"activity_id": "ACT0064", "negotiation_id": "N0452", "store_id": "S004", "customer_name": "片桐美咲", "assigned_user_name": "田中太郎", "activity_type": "社内メモ", "activity_date": "2026-04-03 17:30:00", "subject": "価格調整の社内協議", "body": "店長と協議。下取りは最大200万円まで上乗せ可能。車両値引きは最大373万円まで（20万円引き）。合計で実質173万円が限界。片桐様の150万円希望には23万円の乖離。かなり厳しい交渉。", "created_at": "2026-04-07 21:17:43.495000"}'),
  ('{"activity_id": "ACT0065", "negotiation_id": "N0452", "store_id": "S004", "customer_name": "片桐美咲", "assigned_user_name": "田中太郎", "activity_type": "電話（発信）", "activity_date": "2026-04-05 10:00:00", "subject": "最終価格提示", "body": "片桐様へ架電。下取り200万円+車両値引き373万円=実質173万円を最終提示。片桐様「うーん、まだ23万円高い…。オプションか何かで調整できませんか？」。フロアマット・ドアバイザーセット（約5万円相当）のサービスを提案。「ちょっと考えます」。", "created_at": "2026-04-07 21:17:43.495000"}'),
  ('{"activity_id": "ACT0066", "negotiation_id": "N0452", "store_id": "S004", "customer_name": "片桐美咲", "assigned_user_name": "田中太郎", "activity_type": "電話（発信）", "activity_date": "2026-04-15 11:00:00", "subject": "フォローコール", "body": "片桐様へ架電。「他の店でもう少し安いアルファードが見つかったので、そちらにしようと思います」との回答。不成約（価格不一致）。下取り額の競合が厳しい状況。今後同様のケースでは、初回査定時に競合他社の査定額をヒアリングし、先手で対応する必要あり。", "created_at": "2026-04-07 21:17:43.495000"}'),
  ('{"activity_id": "ACT0067", "negotiation_id": "N0378", "store_id": "S009", "customer_name": "高木沙織", "assigned_user_name": "渡辺美穂", "activity_type": "電話（受信）", "activity_date": "2026-03-27 15:00:00", "subject": "問合せ：ヴェゼル", "body": "高木様より入電。ホンダ ヴェゼル 2021年式について。現在ホンダ フリードに乗っている。「子供が大きくなったのでフリードは卒業」とのこと。SUVに憧れがあるが運転に自信がないとのこと。来店して実車を見たい。3/29(土)13時。", "created_at": "2026-04-07 21:17:43.495000"}'),
  ('{"activity_id": "ACT0068", "negotiation_id": "N0378", "store_id": "S009", "customer_name": "高木沙織", "assigned_user_name": "渡辺美穂", "activity_type": "来店対応", "activity_date": "2026-03-29 13:00:00", "subject": "来店・試乗・安心訴求", "body": "高木様来店（お一人）。ヴェゼルの実車確認。「思ったより大きくない、フリードとそんなに変わらない」と安心された様子。Honda SENSING（衝突軽減ブレーキ等）の安全装備を詳しく説明。試乗ではバックカメラとパーキングセンサーの動作を実演→「これなら安心」。見積り280万円、下取りフリード73万円。", "created_at": "2026-04-07 21:17:43.495000"}'),
  ('{"activity_id": "ACT0069", "negotiation_id": "N0378", "store_id": "S009", "customer_name": "高木沙織", "assigned_user_name": "渡辺美穂", "activity_type": "電話（発信）", "activity_date": "2026-04-01 10:00:00", "subject": "契約意思確認", "body": "高木様へ架電。「購入します！」とのこと。4/5(土)に契約手続きで来店。保険についてもご案内→現在の保険が来月満期のため、切替のタイミングとしても最適。保険担当に引継ぎ準備。", "created_at": "2026-04-07 21:17:43.495000"}'),
  ('{"activity_id": "ACT0070", "negotiation_id": "N0378", "store_id": "S009", "customer_name": "高木沙織", "assigned_user_name": "渡辺美穂", "activity_type": "契約手続き", "activity_date": "2026-04-05 10:00:00", "subject": "契約完了・保険切替成功", "body": "高木様来店、契約完了。総額290万円（諸費用込み）、下取り73万円、差額217万円をローン48回。保険も同時に切替成功→車両保険付きフルカバープラン、年間78,000円。弁護士特約・ロードサービス特約付き。保険付帯率向上に貢献。高木様「全部まとめて対応してもらえて楽でした」。", "created_at": "2026-04-07 21:17:43.495000"}'),
  ('{"activity_id": "ACT0071", "negotiation_id": "N0208", "store_id": "S006", "customer_name": "上田浩二", "assigned_user_name": "井上大輔", "activity_type": "LINE", "activity_date": "2026-04-05 08:00:00", "subject": "LINE問合せ：CX-5", "body": "上田様よりLINE。「マツダ CX-5 2023年式の在庫情報を教えてください。札幌市内で探しています。現在レヴォーグに乗っていますが、マツダに興味が出てきました」。在庫写真3枚と車両詳細スペックを即座に返信。", "created_at": "2026-04-07 21:17:43.495000"}'),
  ('{"activity_id": "ACT0072", "negotiation_id": "N0208", "store_id": "S006", "customer_name": "上田浩二", "assigned_user_name": "井上大輔", "activity_type": "LINE", "activity_date": "2026-04-05 12:00:00", "subject": "LINE：試乗予約", "body": "上田様とLINEで10往復ほどのやり取り。内装の質感、マツダコネクト（ナビ）の操作性、ディーゼルの燃費実績について詳しく質問あり。すべて写真付きで回答。「実際に見てみたい。今週末に行けます」→4/6(日)14時で来店予約。", "created_at": "2026-04-07 21:17:43.495000"}'),
  ('{"activity_id": "ACT0073", "negotiation_id": "N0208", "store_id": "S006", "customer_name": "上田浩二", "assigned_user_name": "井上大輔", "activity_type": "来店対応", "activity_date": "2026-04-06 14:00:00", "subject": "来店・試乗・好感触", "body": "上田様来店。CX-5の試乗コース（約20分）を実施。「ディーゼルのトルク感が最高。レヴォーグとは違う楽しさがある」と大満足。内装の質感にも「これが中古車の価格で買えるのはお得」とコメント。見積り408万円、下取りレヴォーグなし（事故で全損済み、別案件N0369で処理済み）。ローン提案。", "created_at": "2026-04-07 21:17:43.495000"}'),
  ('{"activity_id": "ACT0074", "negotiation_id": "N0208", "store_id": "S006", "customer_name": "上田浩二", "assigned_user_name": "井上大輔", "activity_type": "LINE", "activity_date": "2026-04-10 20:00:00", "subject": "LINE：値引き交渉", "body": "上田様よりLINE。「気に入っているのですが、400万円ジャストにしてもらえませんか？」。翌朝店長と相談の上、回答予定と返信。", "created_at": "2026-04-07 21:17:43.495000"}'),
  ('{"activity_id": "ACT0075", "negotiation_id": "N0208", "store_id": "S006", "customer_name": "上田浩二", "assigned_user_name": "井上大輔", "activity_type": "LINE", "activity_date": "2026-04-11 10:00:00", "subject": "LINE：成約", "body": "上田様へ回答。「403万円まで値引き可能です。加えてオイル交換3回分をサービスさせていただきます」。上田様「OK、それで契約します！」。4/16(水)に契約手続きで来店予定。LINEだけで価格交渉から成約まで完了した好事例。", "created_at": "2026-04-07 21:17:43.495000"}'),
  ('{"activity_id": "ACT0076", "negotiation_id": "N0593", "store_id": "S008", "customer_name": "中島翔太", "assigned_user_name": "井上大輔", "activity_type": "電話（受信）", "activity_date": "2026-04-05 10:00:00", "subject": "問合せ：アルファード 2023年式", "body": "中島様より入電。アルファード 2023年式について。「子供が2人いてミニバンが必要。新車は納期が長いから中古で探している」とのこと。予算250万円。現車フリード（2020年式）の下取りも希望。4/8(火)来店。", "created_at": "2026-04-07 21:17:43.495000"}'),
  ('{"activity_id": "ACT0077", "negotiation_id": "N0593", "store_id": "S008", "customer_name": "中島翔太", "assigned_user_name": "井上大輔", "activity_type": "来店対応", "activity_date": "2026-04-08 14:00:00", "subject": "来店・家族ニーズ丁寧にヒアリング", "body": "中島様お一人で来店。アルファードの実車確認。3列目シートの使い勝手、チャイルドシート2台設置のシミュレーション実施。フリードからの乗り換えポイント（室内空間の広さ、乗り心地の違い）を比較説明。下取りフリード査定→159万円。車両234万円との差額75万円。予算内に収まり好感触。「奥さんにLINEで写真送っていいですか？」とスマホで車内外を撮影。", "created_at": "2026-04-07 21:17:43.495000"}'),
  ('{"activity_id": "ACT0078", "negotiation_id": "N0593", "store_id": "S008", "customer_name": "中島翔太", "assigned_user_name": "井上大輔", "activity_type": "電話（受信）", "activity_date": "2026-04-10 12:00:00", "subject": "奥様からの追加質問", "body": "中島様の奥様より電話。「主人から写真をもらったのですが、傷はないですか？色は白で合っていますか？後ろの座席にDVDプレーヤーは付いていますか？」→外装の状態（小キズ1箇所を板金済み）、ホワイトパールクリスタルシャイン色、後席モニター付きであることを説明。「子供が退屈しないのでいいですね。主人に購入OKと伝えます」とのこと。", "created_at": "2026-04-07 21:17:43.495000"}'),
  ('{"activity_id": "ACT0079", "negotiation_id": "N0593", "store_id": "S008", "customer_name": "中島翔太", "assigned_user_name": "井上大輔", "activity_type": "契約手続き", "activity_date": "2026-04-15 14:00:00", "subject": "契約完了", "body": "中島様来店、契約完了。車両234万円、下取りフリード159万円、差額75万円を現金払い。保険の切替もご提案→検討中。納車4/25(金)予定。チャイルドシートの取付位置もアドバイス済み。", "created_at": "2026-04-07 21:17:43.495000"}'),
  ('{"activity_id": "ACT0080", "negotiation_id": "N0604", "store_id": "S009", "customer_name": "久保田翔", "assigned_user_name": "山本直樹", "activity_type": "Web問合せ", "activity_date": "2026-03-29 12:00:00", "subject": "Web問合せ受信：トヨタ アルファード", "body": "久保田翔様よりWebフォーム経由で問合せ。トヨタ アルファードに興味あり。現在の車からの乗り換え検討中。予算は416万円以内。平日夕方か土日の来店希望。翌営業日に電話でフォロー予定。", "created_at": "2026-04-07 21:15:46.102000"}'),
  ('{"activity_id": "ACT0081", "negotiation_id": "N0604", "store_id": "S004", "customer_name": "小松隆", "assigned_user_name": "藤田康平", "activity_type": "電話（発信）", "activity_date": "2026-03-31 08:45:00", "subject": "フォローコール", "body": "小松隆様へ架電。先日ご来店いただいた日産 ノートのご検討状況を確認。「まだ家族と相談中」とのこと。在庫状況として、同グレードの問合せが増えていることをお伝え。週末までにご回答いただける見込み。", "created_at": "2026-04-07 21:15:46.102000"}'),
  ('{"activity_id": "ACT0082", "negotiation_id": "N0604", "store_id": "S008", "customer_name": "片桐美咲", "assigned_user_name": "小林大輔", "activity_type": "電話（発信）", "activity_date": "2026-03-04 09:00:00", "subject": "在庫入荷のご連絡", "body": "片桐美咲様へ架電。以前お探しだったスバル フォレスターの新しい在庫が入荷したことをご連絡。走行距離や年式、グレードの詳細をお伝え。「ぜひ見てみたい」とのことで、来店アポを調整。", "created_at": "2026-04-07 21:15:46.102000"}'),
  ('{"activity_id": "ACT0083", "negotiation_id": "N0604", "store_id": "S006", "customer_name": "大西康平", "assigned_user_name": "石井由美", "activity_type": "来店対応", "activity_date": "2026-03-31 10:00:00", "subject": "再来店・家族同伴での確認", "body": "大西康平様ご家族で再来店。日産 ノートの実車をご家族にも確認いただく。ご家族全員の意見を聞き、荷室の広さや安全装備について詳しく説明。見積りの最終調整を行い、値引き後の価格で合意に近づく。", "created_at": "2026-04-07 21:15:46.102000"}'),
  ('{"activity_id": "ACT0084", "negotiation_id": "N0607", "store_id": "S007", "customer_name": "木下大輔", "assigned_user_name": "渡辺美穂", "activity_type": "紹介", "activity_date": "2026-03-13 16:00:00", "subject": "既存顧客からの紹介案件", "body": "既存顧客からの紹介で木下大輔様の情報を受領。スバル フォレスターに興味ありとのこと。架電しアポ調整。紹介元の顧客には紹介謝礼をご案内済み。", "created_at": "2026-04-07 21:15:46.102000"}'),
  ('{"activity_id": "ACT0085", "negotiation_id": "N0607", "store_id": "S004", "customer_name": "山本裕子", "assigned_user_name": "小林大輔", "activity_type": "社内メモ", "activity_date": "2026-03-19 19:00:00", "subject": "商談状況の共有", "body": "山本裕子様のスズキ ジムニー商談について店長と共有。価格交渉の余地と競合状況を分析。今後のフォロー方針を決定。顧客の温度感は中程度、継続的なフォローが必要と判断。", "created_at": "2026-04-07 21:15:46.102000"}'),
  ('{"activity_id": "ACT0086", "negotiation_id": "N0607", "store_id": "S002", "customer_name": "星野沙織", "assigned_user_name": "藤田康平", "activity_type": "来店対応", "activity_date": "2026-04-17 11:15:00", "subject": "来店ヒアリング・車両確認", "body": "星野沙織様来店。ホンダ ヴェゼルの実車を確認。内装の状態に満足された様子。試乗を実施し、「走りが良い」と好感触。見積書を作成し、総額495万円（税込）で提示。下取り査定も実施。「少し検討したい」とのことで、翌週にご連絡いただく約束。", "created_at": "2026-04-07 21:15:46.102000"}'),
  ('{"activity_id": "ACT0087", "negotiation_id": "N0607", "store_id": "S008", "customer_name": "谷口明美", "assigned_user_name": "森田沙織", "activity_type": "Web問合せ", "activity_date": "2026-04-13 19:30:00", "subject": "Web問合せ受信：ホンダ ヴェゼル", "body": "谷口明美様よりWebフォーム経由で問合せ。ホンダ ヴェゼルに興味あり。現在の車からの乗り換え検討中。予算は270万円以内。平日夕方か土日の来店希望。翌営業日に電話でフォロー予定。", "created_at": "2026-04-07 21:15:46.102000"}'),
  ('{"activity_id": "ACT0088", "negotiation_id": "N0610", "store_id": "S001", "customer_name": "黒田麻衣", "assigned_user_name": "高橋健一", "activity_type": "LINE", "activity_date": "2026-04-21 15:00:00", "subject": "LINE：値引き交渉", "body": "黒田麻衣様よりLINE。「マツダ CX-5ですが、318万円にしてもらえませんか？」との交渉。翌朝店長と相談の上回答する旨返信。競合他社の価格も確認中。", "created_at": "2026-04-07 21:15:46.102000"}'),
  ('{"activity_id": "ACT0089", "negotiation_id": "N0610", "store_id": "S001", "customer_name": "森下真由美", "assigned_user_name": "石井由美", "activity_type": "電話（受信）", "activity_date": "2026-03-03 16:30:00", "subject": "納車後フォロー", "body": "森下真由美様より入電。先日納車したトヨタ プリウスの調子を確認。「快適に乗っています」とのこと。オイル交換の時期についてご質問あり→次回点検時に実施する旨ご案内。知人への紹介もいただける可能性あり。", "created_at": "2026-04-07 21:15:46.102000"}'),
  ('{"activity_id": "ACT0090", "negotiation_id": "N0610", "store_id": "S009", "customer_name": "藤原康平", "assigned_user_name": "加藤明美", "activity_type": "紹介", "activity_date": "2026-03-05 19:00:00", "subject": "既存顧客からの紹介案件", "body": "既存顧客からの紹介で藤原康平様の情報を受領。スバル フォレスターに興味ありとのこと。架電しアポ調整。紹介元の顧客には紹介謝礼をご案内済み。", "created_at": "2026-04-07 21:15:46.102000"}'),
  ('{"activity_id": "ACT0091", "negotiation_id": "N0610", "store_id": "S002", "customer_name": "久保田翔", "assigned_user_name": "高橋健一", "activity_type": "LINE", "activity_date": "2026-04-02 09:45:00", "subject": "LINE：値引き交渉", "body": "久保田翔様よりLINE。「スズキ ジムニーですが、181万円にしてもらえませんか？」との交渉。翌朝店長と相談の上回答する旨返信。競合他社の価格も確認中。", "created_at": "2026-04-07 21:15:46.102000"}'),
  ('{"activity_id": "ACT0092", "negotiation_id": "N0615", "store_id": "S004", "customer_name": "瀬戸浩二", "assigned_user_name": "小林翔太", "activity_type": "来店対応", "activity_date": "2026-04-26 19:15:00", "subject": "再来店・家族同伴での確認", "body": "瀬戸浩二様ご家族で再来店。ホンダ フィットの実車をご家族にも確認いただく。ご家族全員の意見を聞き、荷室の広さや安全装備について詳しく説明。見積りの最終調整を行い、値引き後の価格で合意に近づく。", "created_at": "2026-04-07 21:15:46.102000"}'),
  ('{"activity_id": "ACT0093", "negotiation_id": "N0615", "store_id": "S006", "customer_name": "瀬戸浩二", "assigned_user_name": "伊藤裕太", "activity_type": "来店対応", "activity_date": "2026-04-03 20:45:00", "subject": "再来店・家族同伴での確認", "body": "瀬戸浩二様ご家族で再来店。スバル フォレスターの実車をご家族にも確認いただく。ご家族全員の意見を聞き、荷室の広さや安全装備について詳しく説明。見積りの最終調整を行い、値引き後の価格で合意に近づく。", "created_at": "2026-04-07 21:15:46.102000"}'),
  ('{"activity_id": "ACT0094", "negotiation_id": "N0615", "store_id": "S007", "customer_name": "中田裕子", "assigned_user_name": "加藤明美", "activity_type": "電話（受信）", "activity_date": "2026-03-25 08:00:00", "subject": "初回問合せ：トヨタ プリウスについて", "body": "中田裕子様より入電。Webで掲載中のトヨタ プリウスについて問合せ。現在の車からの乗り換えを検討中。予算は419万円前後。通勤と週末の買い物に使用予定。下取りも検討したいとのこと。来店日程を調整し、アポ確定。", "created_at": "2026-04-07 21:15:46.102000"}'),
  ('{"activity_id": "ACT0095", "negotiation_id": "N0615", "store_id": "S006", "customer_name": "吉川大輔", "assigned_user_name": "渡辺美穂", "activity_type": "メール（送信）", "activity_date": "2026-04-07 18:30:00", "subject": "来店お礼・見積書送付", "body": "吉川大輔様へ来店お礼メール送信。見積書PDF添付。ホンダ フィットの在庫状況として、同グレードの問合せが増えている旨をお伝え。ご不明点があればいつでもご連絡くださいと添えた。", "created_at": "2026-04-07 21:15:46.102000"}'),
  ('{"activity_id": "ACT0096", "negotiation_id": "N0620", "store_id": "S004", "customer_name": "中田裕子", "assigned_user_name": "石井由美", "activity_type": "社内メモ", "activity_date": "2026-04-19 10:15:00", "subject": "商談状況の共有", "body": "中田裕子様のスバル フォレスター商談について店長と共有。価格交渉の余地と競合状況を分析。今後のフォロー方針を決定。顧客の温度感は中程度、継続的なフォローが必要と判断。", "created_at": "2026-04-07 21:15:46.102000"}'),
  ('{"activity_id": "ACT0097", "negotiation_id": "N0620", "store_id": "S003", "customer_name": "清水拓也", "assigned_user_name": "鈴木一郎", "activity_type": "LINE", "activity_date": "2026-03-03 20:15:00", "subject": "LINEでの問合せ対応", "body": "清水拓也様よりLINE。「スズキ ジムニーの在庫状況を教えてください」とのメッセージ。在庫写真を送付し、スペックと価格情報をご案内。来店を提案し、アポを調整中。", "created_at": "2026-04-07 21:15:46.102000"}'),
  ('{"activity_id": "ACT0098", "negotiation_id": "N0620", "store_id": "S006", "customer_name": "瀬戸浩二", "assigned_user_name": "藤田康平", "activity_type": "電話（受信）", "activity_date": "2026-03-14 11:30:00", "subject": "納車後フォロー", "body": "瀬戸浩二様より入電。先日納車したホンダ ヴェゼルの調子を確認。「快適に乗っています」とのこと。オイル交換の時期についてご質問あり→次回点検時に実施する旨ご案内。知人への紹介もいただける可能性あり。", "created_at": "2026-04-07 21:15:46.102000"}'),
  ('{"activity_id": "ACT0099", "negotiation_id": "N0620", "store_id": "S007", "customer_name": "大西康平", "assigned_user_name": "中村恵子", "activity_type": "来店対応", "activity_date": "2026-03-02 10:45:00", "subject": "来店ヒアリング・車両確認", "body": "大西康平様来店。トヨタ アルファードの実車を確認。内装の状態に満足された様子。試乗を実施し、「走りが良い」と好感触。見積書を作成し、総額495万円（税込）で提示。下取り査定も実施。「少し検討したい」とのことで、翌週にご連絡いただく約束。", "created_at": "2026-04-07 21:15:46.102000"}'),
  ('{"activity_id": "ACT0100", "negotiation_id": "N0621", "store_id": "S001", "customer_name": "岡本沙織", "assigned_user_name": "山本直樹", "activity_type": "契約手続き", "activity_date": "2026-03-29 14:15:00", "subject": "契約完了", "body": "岡本沙織様来店、電子売契にて契約完了。マツダ CX-5の総額125万円。支払方法確定。納車予定日を調整。保険の切替についてもご案内済み。328様「対応が丁寧で安心して購入できた」とコメント。", "created_at": "2026-04-07 21:15:46.102000"}');

INSERT INTO IDOM_HANDSON.RAW_DATA.ACTIVITY_LOGS (RAW_DATA)
SELECT PARSE_JSON(column1) FROM VALUES
  ('{"activity_id": "ACT0101", "negotiation_id": "N0621", "store_id": "S007", "customer_name": "三木健一", "assigned_user_name": "高橋健一", "activity_type": "メール（送信）", "activity_date": "2026-04-28 17:00:00", "subject": "来店お礼・見積書送付", "body": "三木健一様へ来店お礼メール送信。見積書PDF添付。トヨタ アクアの在庫状況として、同グレードの問合せが増えている旨をお伝え。ご不明点があればいつでもご連絡くださいと添えた。", "created_at": "2026-04-07 21:15:46.102000"}'),
  ('{"activity_id": "ACT0102", "negotiation_id": "N0621", "store_id": "S004", "customer_name": "上田浩二", "assigned_user_name": "松本美咲", "activity_type": "来店対応", "activity_date": "2026-03-21 14:15:00", "subject": "来店ヒアリング・車両確認", "body": "上田浩二様来店。スバル フォレスターの実車を確認。内装の状態に満足された様子。試乗を実施し、「走りが良い」と好感触。見積書を作成し、総額283万円（税込）で提示。下取り査定も実施。「少し検討したい」とのことで、翌週にご連絡いただく約束。", "created_at": "2026-04-07 21:15:46.102000"}'),
  ('{"activity_id": "ACT0103", "negotiation_id": "N0621", "store_id": "S002", "customer_name": "森下真由美", "assigned_user_name": "石井由美", "activity_type": "メール（送信）", "activity_date": "2026-03-08 15:00:00", "subject": "来店お礼・見積書送付", "body": "森下真由美様へ来店お礼メール送信。見積書PDF添付。日産 ノートの在庫状況として、同グレードの問合せが増えている旨をお伝え。ご不明点があればいつでもご連絡くださいと添えた。", "created_at": "2026-04-07 21:15:46.102000"}'),
  ('{"activity_id": "ACT0104", "negotiation_id": "N0622", "store_id": "S007", "customer_name": "渡部拓也", "assigned_user_name": "高橋健一", "activity_type": "契約手続き", "activity_date": "2026-04-23 09:45:00", "subject": "契約完了", "body": "渡部拓也様来店、電子売契にて契約完了。ホンダ ヴェゼルの総額284万円。支払方法確定。納車予定日を調整。保険の切替についてもご案内済み。258様「対応が丁寧で安心して購入できた」とコメント。", "created_at": "2026-04-07 21:15:46.102000"}'),
  ('{"activity_id": "ACT0105", "negotiation_id": "N0622", "store_id": "S005", "customer_name": "谷口明美", "assigned_user_name": "田中太郎", "activity_type": "来店対応", "activity_date": "2026-03-02 12:30:00", "subject": "再来店・家族同伴での確認", "body": "谷口明美様ご家族で再来店。マツダ CX-5の実車をご家族にも確認いただく。ご家族全員の意見を聞き、荷室の広さや安全装備について詳しく説明。見積りの最終調整を行い、値引き後の価格で合意に近づく。", "created_at": "2026-04-07 21:15:46.102000"}'),
  ('{"activity_id": "ACT0106", "negotiation_id": "N0622", "store_id": "S003", "customer_name": "片桐美咲", "assigned_user_name": "伊藤裕太", "activity_type": "電話（受信）", "activity_date": "2026-04-03 10:15:00", "subject": "初回問合せ：スバル フォレスターについて", "body": "片桐美咲様より入電。Webで掲載中のスバル フォレスターについて問合せ。現在の車からの乗り換えを検討中。予算は104万円前後。通勤と週末の買い物に使用予定。下取りも検討したいとのこと。来店日程を調整し、アポ確定。", "created_at": "2026-04-07 21:15:46.102000"}'),
  ('{"activity_id": "ACT0107", "negotiation_id": "N0622", "store_id": "S008", "customer_name": "竹内真司", "assigned_user_name": "佐藤花子", "activity_type": "電話（発信）", "activity_date": "2026-04-25 19:30:00", "subject": "在庫入荷のご連絡", "body": "竹内真司様へ架電。以前お探しだったスバル フォレスターの新しい在庫が入荷したことをご連絡。走行距離や年式、グレードの詳細をお伝え。「ぜひ見てみたい」とのことで、来店アポを調整。", "created_at": "2026-04-07 21:15:46.102000"}'),
  ('{"activity_id": "ACT0108", "negotiation_id": "N0625", "store_id": "S007", "customer_name": "小松隆", "assigned_user_name": "小林翔太", "activity_type": "LINE", "activity_date": "2026-03-10 19:15:00", "subject": "LINE：値引き交渉", "body": "小松隆様よりLINE。「トヨタ ハリアーですが、189万円にしてもらえませんか？」との交渉。翌朝店長と相談の上回答する旨返信。競合他社の価格も確認中。", "created_at": "2026-04-07 21:15:46.102000"}'),
  ('{"activity_id": "ACT0109", "negotiation_id": "N0625", "store_id": "S002", "customer_name": "小松隆", "assigned_user_name": "鈴木一郎", "activity_type": "Web問合せ", "activity_date": "2026-03-26 18:30:00", "subject": "Web問合せ受信：日産 ノート", "body": "小松隆様よりWebフォーム経由で問合せ。日産 ノートに興味あり。現在の車からの乗り換え検討中。予算は204万円以内。平日夕方か土日の来店希望。翌営業日に電話でフォロー予定。", "created_at": "2026-04-07 21:15:46.102000"}'),
  ('{"activity_id": "ACT0110", "negotiation_id": "N0625", "store_id": "S010", "customer_name": "山本裕子", "assigned_user_name": "鈴木一郎", "activity_type": "LINE", "activity_date": "2026-04-26 15:00:00", "subject": "LINEでの問合せ対応", "body": "山本裕子様よりLINE。「トヨタ プリウスの在庫状況を教えてください」とのメッセージ。在庫写真を送付し、スペックと価格情報をご案内。来店を提案し、アポを調整中。", "created_at": "2026-04-07 21:15:46.102000"}'),
  ('{"activity_id": "ACT0111", "negotiation_id": "N0625", "store_id": "S003", "customer_name": "松田由美子", "assigned_user_name": "佐藤花子", "activity_type": "電話（発信）", "activity_date": "2026-04-08 19:15:00", "subject": "在庫入荷のご連絡", "body": "松田由美子様へ架電。以前お探しだったスズキ ジムニーの新しい在庫が入荷したことをご連絡。走行距離や年式、グレードの詳細をお伝え。「ぜひ見てみたい」とのことで、来店アポを調整。", "created_at": "2026-04-07 21:15:46.102000"}'),
  ('{"activity_id": "ACT0112", "negotiation_id": "N0627", "store_id": "S001", "customer_name": "高田美咲", "assigned_user_name": "中村恵子", "activity_type": "電話（発信）", "activity_date": "2026-03-08 15:45:00", "subject": "フォローコール", "body": "高田美咲様へ架電。先日ご来店いただいたトヨタ アクアのご検討状況を確認。「まだ家族と相談中」とのこと。在庫状況として、同グレードの問合せが増えていることをお伝え。週末までにご回答いただける見込み。", "created_at": "2026-04-07 21:15:46.102000"}'),
  ('{"activity_id": "ACT0113", "negotiation_id": "N0627", "store_id": "S009", "customer_name": "岡本沙織", "assigned_user_name": "渡辺美穂", "activity_type": "契約手続き", "activity_date": "2026-03-01 12:45:00", "subject": "契約完了", "body": "岡本沙織様来店、電子売契にて契約完了。スバル フォレスターの総額514万円。支払方法確定。納車予定日を調整。保険の切替についてもご案内済み。426様「対応が丁寧で安心して購入できた」とコメント。", "created_at": "2026-04-07 21:15:46.102000"}'),
  ('{"activity_id": "ACT0114", "negotiation_id": "N0627", "store_id": "S005", "customer_name": "黒田麻衣", "assigned_user_name": "藤田康平", "activity_type": "社内メモ", "activity_date": "2026-04-12 19:00:00", "subject": "商談状況の共有", "body": "黒田麻衣様のスズキ ジムニー商談について店長と共有。価格交渉の余地と競合状況を分析。今後のフォロー方針を決定。顧客の温度感は中程度、継続的なフォローが必要と判断。", "created_at": "2026-04-07 21:15:46.102000"}'),
  ('{"activity_id": "ACT0115", "negotiation_id": "N0627", "store_id": "S008", "customer_name": "中田裕子", "assigned_user_name": "山本直樹", "activity_type": "社内メモ", "activity_date": "2026-03-09 20:15:00", "subject": "商談状況の共有", "body": "中田裕子様のトヨタ ハリアー商談について店長と共有。価格交渉の余地と競合状況を分析。今後のフォロー方針を決定。顧客の温度感は中程度、継続的なフォローが必要と判断。", "created_at": "2026-04-07 21:15:46.102000"}'),
  ('{"activity_id": "ACT0116", "negotiation_id": "N0629", "store_id": "S002", "customer_name": "清水拓也", "assigned_user_name": "井上大輔", "activity_type": "来店対応", "activity_date": "2026-03-16 11:30:00", "subject": "再来店・家族同伴での確認", "body": "清水拓也様ご家族で再来店。ホンダ フィットの実車をご家族にも確認いただく。ご家族全員の意見を聞き、荷室の広さや安全装備について詳しく説明。見積りの最終調整を行い、値引き後の価格で合意に近づく。", "created_at": "2026-04-07 21:15:46.102000"}'),
  ('{"activity_id": "ACT0117", "negotiation_id": "N0629", "store_id": "S005", "customer_name": "石井健一", "assigned_user_name": "森田沙織", "activity_type": "来店対応", "activity_date": "2026-04-06 12:15:00", "subject": "来店ヒアリング・車両確認", "body": "石井健一様来店。スバル フォレスターの実車を確認。内装の状態に満足された様子。試乗を実施し、「走りが良い」と好感触。見積書を作成し、総額366万円（税込）で提示。下取り査定も実施。「少し検討したい」とのことで、翌週にご連絡いただく約束。", "created_at": "2026-04-07 21:15:46.102000"}'),
  ('{"activity_id": "ACT0118", "negotiation_id": "N0629", "store_id": "S007", "customer_name": "前田翔太", "assigned_user_name": "渡辺美穂", "activity_type": "Web問合せ", "activity_date": "2026-03-03 19:45:00", "subject": "Web問合せ受信：スバル フォレスター", "body": "前田翔太様よりWebフォーム経由で問合せ。スバル フォレスターに興味あり。現在の車からの乗り換え検討中。予算は477万円以内。平日夕方か土日の来店希望。翌営業日に電話でフォロー予定。", "created_at": "2026-04-07 21:15:46.102000"}'),
  ('{"activity_id": "ACT0119", "negotiation_id": "N0629", "store_id": "S001", "customer_name": "遠藤裕子", "assigned_user_name": "伊藤裕太", "activity_type": "来店対応", "activity_date": "2026-03-03 20:15:00", "subject": "再来店・家族同伴での確認", "body": "遠藤裕子様ご家族で再来店。トヨタ プリウスの実車をご家族にも確認いただく。ご家族全員の意見を聞き、荷室の広さや安全装備について詳しく説明。見積りの最終調整を行い、値引き後の価格で合意に近づく。", "created_at": "2026-04-07 21:15:46.102000"}'),
  ('{"activity_id": "ACT0120", "negotiation_id": "N0631", "store_id": "S006", "customer_name": "坂本由美", "assigned_user_name": "松本美咲", "activity_type": "契約手続き", "activity_date": "2026-03-13 18:45:00", "subject": "契約完了", "body": "坂本由美様来店、電子売契にて契約完了。日産 ノートの総額539万円。支払方法確定。納車予定日を調整。保険の切替についてもご案内済み。276様「対応が丁寧で安心して購入できた」とコメント。", "created_at": "2026-04-07 21:15:46.102000"}'),
  ('{"activity_id": "ACT0121", "negotiation_id": "N0631", "store_id": "S004", "customer_name": "佐野隆", "assigned_user_name": "小林大輔", "activity_type": "社内メモ", "activity_date": "2026-04-17 12:30:00", "subject": "商談状況の共有", "body": "佐野隆様のスズキ ジムニー商談について店長と共有。価格交渉の余地と競合状況を分析。今後のフォロー方針を決定。顧客の温度感は中程度、継続的なフォローが必要と判断。", "created_at": "2026-04-07 21:15:46.102000"}'),
  ('{"activity_id": "ACT0122", "negotiation_id": "N0631", "store_id": "S003", "customer_name": "青木翔", "assigned_user_name": "藤田康平", "activity_type": "Web問合せ", "activity_date": "2026-03-30 18:00:00", "subject": "Web問合せ受信：日産 ノート", "body": "青木翔様よりWebフォーム経由で問合せ。日産 ノートに興味あり。現在の車からの乗り換え検討中。予算は495万円以内。平日夕方か土日の来店希望。翌営業日に電話でフォロー予定。", "created_at": "2026-04-07 21:15:46.102000"}'),
  ('{"activity_id": "ACT0123", "negotiation_id": "N0631", "store_id": "S006", "customer_name": "安藤直樹", "assigned_user_name": "小林大輔", "activity_type": "来店対応", "activity_date": "2026-03-28 18:00:00", "subject": "再来店・家族同伴での確認", "body": "安藤直樹様ご家族で再来店。トヨタ アクアの実車をご家族にも確認いただく。ご家族全員の意見を聞き、荷室の広さや安全装備について詳しく説明。見積りの最終調整を行い、値引き後の価格で合意に近づく。", "created_at": "2026-04-07 21:15:46.102000"}'),
  ('{"activity_id": "ACT0124", "negotiation_id": "N0636", "store_id": "S002", "customer_name": "谷口明美", "assigned_user_name": "森田沙織", "activity_type": "来店対応", "activity_date": "2026-04-15 12:15:00", "subject": "来店ヒアリング・車両確認", "body": "谷口明美様来店。トヨタ アクアの実車を確認。内装の状態に満足された様子。試乗を実施し、「走りが良い」と好感触。見積書を作成し、総額161万円（税込）で提示。下取り査定も実施。「少し検討したい」とのことで、翌週にご連絡いただく約束。", "created_at": "2026-04-07 21:15:46.102000"}'),
  ('{"activity_id": "ACT0125", "negotiation_id": "N0636", "store_id": "S005", "customer_name": "岡本沙織", "assigned_user_name": "小林翔太", "activity_type": "Web問合せ", "activity_date": "2026-04-02 10:45:00", "subject": "Web問合せ受信：スズキ ジムニー", "body": "岡本沙織様よりWebフォーム経由で問合せ。スズキ ジムニーに興味あり。現在の車からの乗り換え検討中。予算は142万円以内。平日夕方か土日の来店希望。翌営業日に電話でフォロー予定。", "created_at": "2026-04-07 21:15:46.102000"}'),
  ('{"activity_id": "ACT0126", "negotiation_id": "N0636", "store_id": "S004", "customer_name": "木下大輔", "assigned_user_name": "中村恵子", "activity_type": "電話（受信）", "activity_date": "2026-04-17 13:15:00", "subject": "納車後フォロー", "body": "木下大輔様より入電。先日納車したトヨタ プリウスの調子を確認。「快適に乗っています」とのこと。オイル交換の時期についてご質問あり→次回点検時に実施する旨ご案内。知人への紹介もいただける可能性あり。", "created_at": "2026-04-07 21:15:46.102000"}'),
  ('{"activity_id": "ACT0127", "negotiation_id": "N0636", "store_id": "S009", "customer_name": "安藤直樹", "assigned_user_name": "佐藤花子", "activity_type": "LINE", "activity_date": "2026-03-15 19:15:00", "subject": "LINE：値引き交渉", "body": "安藤直樹様よりLINE。「スズキ ジムニーですが、285万円にしてもらえませんか？」との交渉。翌朝店長と相談の上回答する旨返信。競合他社の価格も確認中。", "created_at": "2026-04-07 21:15:46.102000"}'),
  ('{"activity_id": "ACT0128", "negotiation_id": "N0639", "store_id": "S002", "customer_name": "丸山大輔", "assigned_user_name": "伊藤裕太", "activity_type": "来店対応", "activity_date": "2026-04-29 20:15:00", "subject": "来店ヒアリング・車両確認", "body": "丸山大輔様来店。スバル フォレスターの実車を確認。内装の状態に満足された様子。試乗を実施し、「走りが良い」と好感触。見積書を作成し、総額215万円（税込）で提示。下取り査定も実施。「少し検討したい」とのことで、翌週にご連絡いただく約束。", "created_at": "2026-04-07 21:15:46.102000"}'),
  ('{"activity_id": "ACT0129", "negotiation_id": "N0639", "store_id": "S010", "customer_name": "吉川大輔", "assigned_user_name": "山本直樹", "activity_type": "電話（受信）", "activity_date": "2026-03-19 14:45:00", "subject": "納車後フォロー", "body": "吉川大輔様より入電。先日納車したホンダ フィットの調子を確認。「快適に乗っています」とのこと。オイル交換の時期についてご質問あり→次回点検時に実施する旨ご案内。知人への紹介もいただける可能性あり。", "created_at": "2026-04-07 21:15:46.102000"}'),
  ('{"activity_id": "ACT0130", "negotiation_id": "N0639", "store_id": "S008", "customer_name": "山本裕子", "assigned_user_name": "渡辺美穂", "activity_type": "社内メモ", "activity_date": "2026-03-17 19:30:00", "subject": "商談状況の共有", "body": "山本裕子様のホンダ フィット商談について店長と共有。価格交渉の余地と競合状況を分析。今後のフォロー方針を決定。顧客の温度感は中程度、継続的なフォローが必要と判断。", "created_at": "2026-04-07 21:15:46.102000"}'),
  ('{"activity_id": "ACT0131", "negotiation_id": "N0639", "store_id": "S010", "customer_name": "大谷美咲", "assigned_user_name": "田中太郎", "activity_type": "メール（送信）", "activity_date": "2026-03-09 10:45:00", "subject": "来店お礼・見積書送付", "body": "大谷美咲様へ来店お礼メール送信。見積書PDF添付。トヨタ プリウスの在庫状況として、同グレードの問合せが増えている旨をお伝え。ご不明点があればいつでもご連絡くださいと添えた。", "created_at": "2026-04-07 21:15:46.102000"}'),
  ('{"activity_id": "ACT0132", "negotiation_id": "N0641", "store_id": "S004", "customer_name": "渡部拓也", "assigned_user_name": "伊藤裕太", "activity_type": "紹介", "activity_date": "2026-03-13 11:30:00", "subject": "既存顧客からの紹介案件", "body": "既存顧客からの紹介で渡部拓也様の情報を受領。マツダ CX-5に興味ありとのこと。架電しアポ調整。紹介元の顧客には紹介謝礼をご案内済み。", "created_at": "2026-04-07 21:15:46.102000"}'),
  ('{"activity_id": "ACT0133", "negotiation_id": "N0641", "store_id": "S004", "customer_name": "大西康平", "assigned_user_name": "渡辺美穂", "activity_type": "電話（発信）", "activity_date": "2026-04-17 17:15:00", "subject": "フォローコール", "body": "大西康平様へ架電。先日ご来店いただいたマツダ CX-5のご検討状況を確認。「まだ家族と相談中」とのこと。在庫状況として、同グレードの問合せが増えていることをお伝え。週末までにご回答いただける見込み。", "created_at": "2026-04-07 21:15:46.102000"}'),
  ('{"activity_id": "ACT0134", "negotiation_id": "N0641", "store_id": "S008", "customer_name": "木下大輔", "assigned_user_name": "小林大輔", "activity_type": "メール（送信）", "activity_date": "2026-03-08 16:30:00", "subject": "来店お礼・見積書送付", "body": "木下大輔様へ来店お礼メール送信。見積書PDF添付。ホンダ ヴェゼルの在庫状況として、同グレードの問合せが増えている旨をお伝え。ご不明点があればいつでもご連絡くださいと添えた。", "created_at": "2026-04-07 21:15:46.102000"}'),
  ('{"activity_id": "ACT0135", "negotiation_id": "N0641", "store_id": "S002", "customer_name": "斎藤恵", "assigned_user_name": "松本美咲", "activity_type": "電話（受信）", "activity_date": "2026-03-20 09:45:00", "subject": "納車後フォロー", "body": "斎藤恵様より入電。先日納車したトヨタ アルファードの調子を確認。「快適に乗っています」とのこと。オイル交換の時期についてご質問あり→次回点検時に実施する旨ご案内。知人への紹介もいただける可能性あり。", "created_at": "2026-04-07 21:15:46.102000"}'),
  ('{"activity_id": "ACT0136", "negotiation_id": "N0643", "store_id": "S006", "customer_name": "大西康平", "assigned_user_name": "佐藤花子", "activity_type": "電話（発信）", "activity_date": "2026-03-17 09:45:00", "subject": "フォローコール", "body": "大西康平様へ架電。先日ご来店いただいたマツダ CX-5のご検討状況を確認。「まだ家族と相談中」とのこと。在庫状況として、同グレードの問合せが増えていることをお伝え。週末までにご回答いただける見込み。", "created_at": "2026-04-07 21:15:46.102000"}'),
  ('{"activity_id": "ACT0137", "negotiation_id": "N0643", "store_id": "S010", "customer_name": "小松隆", "assigned_user_name": "松本美咲", "activity_type": "契約手続き", "activity_date": "2026-03-07 09:30:00", "subject": "契約完了", "body": "小松隆様来店、電子売契にて契約完了。ホンダ フィットの総額215万円。支払方法確定。納車予定日を調整。保険の切替についてもご案内済み。367様「対応が丁寧で安心して購入できた」とコメント。", "created_at": "2026-04-07 21:15:46.102000"}'),
  ('{"activity_id": "ACT0138", "negotiation_id": "N0643", "store_id": "S008", "customer_name": "星野沙織", "assigned_user_name": "小林翔太", "activity_type": "メール（送信）", "activity_date": "2026-03-07 20:30:00", "subject": "来店お礼・見積書送付", "body": "星野沙織様へ来店お礼メール送信。見積書PDF添付。マツダ CX-5の在庫状況として、同グレードの問合せが増えている旨をお伝え。ご不明点があればいつでもご連絡くださいと添えた。", "created_at": "2026-04-07 21:15:46.102000"}'),
  ('{"activity_id": "ACT0139", "negotiation_id": "N0643", "store_id": "S005", "customer_name": "青木翔", "assigned_user_name": "中村麻衣", "activity_type": "電話（発信）", "activity_date": "2026-04-23 12:30:00", "subject": "在庫入荷のご連絡", "body": "青木翔様へ架電。以前お探しだったホンダ ヴェゼルの新しい在庫が入荷したことをご連絡。走行距離や年式、グレードの詳細をお伝え。「ぜひ見てみたい」とのことで、来店アポを調整。", "created_at": "2026-04-07 21:15:46.102000"}'),
  ('{"activity_id": "ACT0140", "negotiation_id": "N0644", "store_id": "S002", "customer_name": "藤原康平", "assigned_user_name": "中村恵子", "activity_type": "電話（受信）", "activity_date": "2026-04-07 14:30:00", "subject": "初回問合せ：スバル フォレスターについて", "body": "藤原康平様より入電。Webで掲載中のスバル フォレスターについて問合せ。現在の車からの乗り換えを検討中。予算は353万円前後。通勤と週末の買い物に使用予定。下取りも検討したいとのこと。来店日程を調整し、アポ確定。", "created_at": "2026-04-07 21:15:46.102000"}'),
  ('{"activity_id": "ACT0141", "negotiation_id": "N0644", "store_id": "S008", "customer_name": "久保田翔", "assigned_user_name": "井上大輔", "activity_type": "電話（発信）", "activity_date": "2026-04-29 18:45:00", "subject": "フォローコール", "body": "久保田翔様へ架電。先日ご来店いただいたスバル フォレスターのご検討状況を確認。「まだ家族と相談中」とのこと。在庫状況として、同グレードの問合せが増えていることをお伝え。週末までにご回答いただける見込み。", "created_at": "2026-04-07 21:15:46.102000"}'),
  ('{"activity_id": "ACT0142", "negotiation_id": "N0644", "store_id": "S010", "customer_name": "清水拓也", "assigned_user_name": "高橋健一", "activity_type": "電話（受信）", "activity_date": "2026-04-18 11:30:00", "subject": "初回問合せ：スバル フォレスターについて", "body": "清水拓也様より入電。Webで掲載中のスバル フォレスターについて問合せ。現在の車からの乗り換えを検討中。予算は148万円前後。通勤と週末の買い物に使用予定。下取りも検討したいとのこと。来店日程を調整し、アポ確定。", "created_at": "2026-04-07 21:15:46.102000"}'),
  ('{"activity_id": "ACT0143", "negotiation_id": "N0644", "store_id": "S010", "customer_name": "松田由美子", "assigned_user_name": "井上大輔", "activity_type": "LINE", "activity_date": "2026-04-20 15:45:00", "subject": "LINE：値引き交渉", "body": "松田由美子様よりLINE。「トヨタ プリウスですが、277万円にしてもらえませんか？」との交渉。翌朝店長と相談の上回答する旨返信。競合他社の価格も確認中。", "created_at": "2026-04-07 21:15:46.102000"}'),
  ('{"activity_id": "ACT0144", "negotiation_id": "N0649", "store_id": "S001", "customer_name": "渡部拓也", "assigned_user_name": "小林翔太", "activity_type": "電話（受信）", "activity_date": "2026-03-12 08:30:00", "subject": "納車後フォロー", "body": "渡部拓也様より入電。先日納車したトヨタ プリウスの調子を確認。「快適に乗っています」とのこと。オイル交換の時期についてご質問あり→次回点検時に実施する旨ご案内。知人への紹介もいただける可能性あり。", "created_at": "2026-04-07 21:15:46.102000"}'),
  ('{"activity_id": "ACT0145", "negotiation_id": "N0649", "store_id": "S005", "customer_name": "松田由美子", "assigned_user_name": "鈴木一郎", "activity_type": "電話（発信）", "activity_date": "2026-03-17 13:30:00", "subject": "フォローコール", "body": "松田由美子様へ架電。先日ご来店いただいた日産 ノートのご検討状況を確認。「まだ家族と相談中」とのこと。在庫状況として、同グレードの問合せが増えていることをお伝え。週末までにご回答いただける見込み。", "created_at": "2026-04-07 21:15:46.102000"}'),
  ('{"activity_id": "ACT0146", "negotiation_id": "N0649", "store_id": "S004", "customer_name": "大西康平", "assigned_user_name": "森田沙織", "activity_type": "Web問合せ", "activity_date": "2026-04-14 18:30:00", "subject": "Web問合せ受信：トヨタ プリウス", "body": "大西康平様よりWebフォーム経由で問合せ。トヨタ プリウスに興味あり。現在の車からの乗り換え検討中。予算は266万円以内。平日夕方か土日の来店希望。翌営業日に電話でフォロー予定。", "created_at": "2026-04-07 21:15:46.102000"}'),
  ('{"activity_id": "ACT0147", "negotiation_id": "N0649", "store_id": "S003", "customer_name": "池田真由美", "assigned_user_name": "藤田康平", "activity_type": "紹介", "activity_date": "2026-04-19 10:45:00", "subject": "既存顧客からの紹介案件", "body": "既存顧客からの紹介で池田真由美様の情報を受領。マツダ CX-5に興味ありとのこと。架電しアポ調整。紹介元の顧客には紹介謝礼をご案内済み。", "created_at": "2026-04-07 21:15:46.102000"}'),
  ('{"activity_id": "ACT0148", "negotiation_id": "N0650", "store_id": "S006", "customer_name": "横山拓也", "assigned_user_name": "中村恵子", "activity_type": "Web問合せ", "activity_date": "2026-03-07 19:00:00", "subject": "Web問合せ受信：ホンダ ヴェゼル", "body": "横山拓也様よりWebフォーム経由で問合せ。ホンダ ヴェゼルに興味あり。現在の車からの乗り換え検討中。予算は524万円以内。平日夕方か土日の来店希望。翌営業日に電話でフォロー予定。", "created_at": "2026-04-07 21:15:46.102000"}'),
  ('{"activity_id": "ACT0149", "negotiation_id": "N0650", "store_id": "S007", "customer_name": "山本裕子", "assigned_user_name": "松本美咲", "activity_type": "来店対応", "activity_date": "2026-03-13 12:45:00", "subject": "再来店・家族同伴での確認", "body": "山本裕子様ご家族で再来店。トヨタ ハリアーの実車をご家族にも確認いただく。ご家族全員の意見を聞き、荷室の広さや安全装備について詳しく説明。見積りの最終調整を行い、値引き後の価格で合意に近づく。", "created_at": "2026-04-07 21:15:46.102000"}'),
  ('{"activity_id": "ACT0150", "negotiation_id": "N0650", "store_id": "S006", "customer_name": "岡本沙織", "assigned_user_name": "石井由美", "activity_type": "Web問合せ", "activity_date": "2026-03-02 09:15:00", "subject": "Web問合せ受信：トヨタ ハリアー", "body": "岡本沙織様よりWebフォーム経由で問合せ。トヨタ ハリアーに興味あり。現在の車からの乗り換え検討中。予算は186万円以内。平日夕方か土日の来店希望。翌営業日に電話でフォロー予定。", "created_at": "2026-04-07 21:15:46.102000"}');

INSERT INTO IDOM_HANDSON.RAW_DATA.ACTIVITY_LOGS (RAW_DATA)
SELECT PARSE_JSON(column1) FROM VALUES
  ('{"activity_id": "ACT0151", "negotiation_id": "N0650", "store_id": "S005", "customer_name": "森下真由美", "assigned_user_name": "加藤明美", "activity_type": "LINE", "activity_date": "2026-03-26 17:00:00", "subject": "LINE：値引き交渉", "body": "森下真由美様よりLINE。「スズキ ジムニーですが、375万円にしてもらえませんか？」との交渉。翌朝店長と相談の上回答する旨返信。競合他社の価格も確認中。", "created_at": "2026-04-07 21:15:46.102000"}'),
  ('{"activity_id": "ACT0152", "negotiation_id": "N0652", "store_id": "S002", "customer_name": "大谷美咲", "assigned_user_name": "井上大輔", "activity_type": "電話（発信）", "activity_date": "2026-03-22 16:30:00", "subject": "フォローコール", "body": "大谷美咲様へ架電。先日ご来店いただいたホンダ フィットのご検討状況を確認。「まだ家族と相談中」とのこと。在庫状況として、同グレードの問合せが増えていることをお伝え。週末までにご回答いただける見込み。", "created_at": "2026-04-07 21:15:46.102000"}'),
  ('{"activity_id": "ACT0153", "negotiation_id": "N0652", "store_id": "S003", "customer_name": "小川恵理", "assigned_user_name": "高橋健一", "activity_type": "契約手続き", "activity_date": "2026-03-06 13:15:00", "subject": "契約完了", "body": "小川恵理様来店、電子売契にて契約完了。ホンダ フィットの総額414万円。支払方法確定。納車予定日を調整。保険の切替についてもご案内済み。391様「対応が丁寧で安心して購入できた」とコメント。", "created_at": "2026-04-07 21:15:46.102000"}'),
  ('{"activity_id": "ACT0154", "negotiation_id": "N0652", "store_id": "S001", "customer_name": "片桐美咲", "assigned_user_name": "渡辺美穂", "activity_type": "社内メモ", "activity_date": "2026-03-15 19:15:00", "subject": "商談状況の共有", "body": "片桐美咲様のホンダ フィット商談について店長と共有。価格交渉の余地と競合状況を分析。今後のフォロー方針を決定。顧客の温度感は中程度、継続的なフォローが必要と判断。", "created_at": "2026-04-07 21:15:46.102000"}'),
  ('{"activity_id": "ACT0155", "negotiation_id": "N0652", "store_id": "S004", "customer_name": "岡本沙織", "assigned_user_name": "山本直樹", "activity_type": "メール（送信）", "activity_date": "2026-03-16 08:45:00", "subject": "来店お礼・見積書送付", "body": "岡本沙織様へ来店お礼メール送信。見積書PDF添付。トヨタ ハリアーの在庫状況として、同グレードの問合せが増えている旨をお伝え。ご不明点があればいつでもご連絡くださいと添えた。", "created_at": "2026-04-07 21:15:46.102000"}'),
  ('{"activity_id": "ACT0156", "negotiation_id": "N0656", "store_id": "S009", "customer_name": "久保田翔", "assigned_user_name": "山本直樹", "activity_type": "契約手続き", "activity_date": "2026-04-03 17:45:00", "subject": "契約完了", "body": "久保田翔様来店、電子売契にて契約完了。マツダ CX-5の総額195万円。支払方法確定。納車予定日を調整。保険の切替についてもご案内済み。534様「対応が丁寧で安心して購入できた」とコメント。", "created_at": "2026-04-07 21:15:46.102000"}'),
  ('{"activity_id": "ACT0157", "negotiation_id": "N0656", "store_id": "S010", "customer_name": "小川恵理", "assigned_user_name": "小林大輔", "activity_type": "来店対応", "activity_date": "2026-03-17 14:30:00", "subject": "再来店・家族同伴での確認", "body": "小川恵理様ご家族で再来店。ホンダ ヴェゼルの実車をご家族にも確認いただく。ご家族全員の意見を聞き、荷室の広さや安全装備について詳しく説明。見積りの最終調整を行い、値引き後の価格で合意に近づく。", "created_at": "2026-04-07 21:15:46.102000"}'),
  ('{"activity_id": "ACT0158", "negotiation_id": "N0656", "store_id": "S004", "customer_name": "山本裕子", "assigned_user_name": "石井由美", "activity_type": "Web問合せ", "activity_date": "2026-03-21 19:15:00", "subject": "Web問合せ受信：トヨタ アクア", "body": "山本裕子様よりWebフォーム経由で問合せ。トヨタ アクアに興味あり。現在の車からの乗り換え検討中。予算は454万円以内。平日夕方か土日の来店希望。翌営業日に電話でフォロー予定。", "created_at": "2026-04-07 21:15:46.102000"}'),
  ('{"activity_id": "ACT0159", "negotiation_id": "N0656", "store_id": "S009", "customer_name": "三木健一", "assigned_user_name": "渡辺美穂", "activity_type": "紹介", "activity_date": "2026-04-15 15:30:00", "subject": "既存顧客からの紹介案件", "body": "既存顧客からの紹介で三木健一様の情報を受領。トヨタ アクアに興味ありとのこと。架電しアポ調整。紹介元の顧客には紹介謝礼をご案内済み。", "created_at": "2026-04-07 21:15:46.102000"}'),
  ('{"activity_id": "ACT0160", "negotiation_id": "N0657", "store_id": "S010", "customer_name": "谷口明美", "assigned_user_name": "石井由美", "activity_type": "紹介", "activity_date": "2026-03-30 12:00:00", "subject": "既存顧客からの紹介案件", "body": "既存顧客からの紹介で谷口明美様の情報を受領。スズキ ジムニーに興味ありとのこと。架電しアポ調整。紹介元の顧客には紹介謝礼をご案内済み。", "created_at": "2026-04-07 21:15:46.102000"}'),
  ('{"activity_id": "ACT0161", "negotiation_id": "N0657", "store_id": "S010", "customer_name": "岡本沙織", "assigned_user_name": "松本美咲", "activity_type": "社内メモ", "activity_date": "2026-03-11 08:45:00", "subject": "商談状況の共有", "body": "岡本沙織様のスバル フォレスター商談について店長と共有。価格交渉の余地と競合状況を分析。今後のフォロー方針を決定。顧客の温度感は中程度、継続的なフォローが必要と判断。", "created_at": "2026-04-07 21:15:46.102000"}'),
  ('{"activity_id": "ACT0162", "negotiation_id": "N0657", "store_id": "S001", "customer_name": "高田美咲", "assigned_user_name": "松本美咲", "activity_type": "電話（受信）", "activity_date": "2026-03-23 09:30:00", "subject": "納車後フォロー", "body": "高田美咲様より入電。先日納車したトヨタ ハリアーの調子を確認。「快適に乗っています」とのこと。オイル交換の時期についてご質問あり→次回点検時に実施する旨ご案内。知人への紹介もいただける可能性あり。", "created_at": "2026-04-07 21:15:46.102000"}'),
  ('{"activity_id": "ACT0163", "negotiation_id": "N0657", "store_id": "S005", "customer_name": "高木沙織", "assigned_user_name": "松本美咲", "activity_type": "LINE", "activity_date": "2026-04-30 10:45:00", "subject": "LINE：値引き交渉", "body": "高木沙織様よりLINE。「マツダ CX-5ですが、460万円にしてもらえませんか？」との交渉。翌朝店長と相談の上回答する旨返信。競合他社の価格も確認中。", "created_at": "2026-04-07 21:15:46.102000"}'),
  ('{"activity_id": "ACT0164", "negotiation_id": "N0659", "store_id": "S008", "customer_name": "中島翔太", "assigned_user_name": "加藤明美", "activity_type": "来店対応", "activity_date": "2026-04-21 16:45:00", "subject": "再来店・家族同伴での確認", "body": "中島翔太様ご家族で再来店。ホンダ ヴェゼルの実車をご家族にも確認いただく。ご家族全員の意見を聞き、荷室の広さや安全装備について詳しく説明。見積りの最終調整を行い、値引き後の価格で合意に近づく。", "created_at": "2026-04-07 21:15:46.102000"}'),
  ('{"activity_id": "ACT0165", "negotiation_id": "N0659", "store_id": "S009", "customer_name": "丸山大輔", "assigned_user_name": "藤田康平", "activity_type": "来店対応", "activity_date": "2026-04-15 20:30:00", "subject": "来店ヒアリング・車両確認", "body": "丸山大輔様来店。トヨタ プリウスの実車を確認。内装の状態に満足された様子。試乗を実施し、「走りが良い」と好感触。見積書を作成し、総額412万円（税込）で提示。下取り査定も実施。「少し検討したい」とのことで、翌週にご連絡いただく約束。", "created_at": "2026-04-07 21:15:46.102000"}'),
  ('{"activity_id": "ACT0166", "negotiation_id": "N0659", "store_id": "S002", "customer_name": "瀬戸浩二", "assigned_user_name": "田中太郎", "activity_type": "LINE", "activity_date": "2026-03-11 19:15:00", "subject": "LINE：値引き交渉", "body": "瀬戸浩二様よりLINE。「スズキ ジムニーですが、311万円にしてもらえませんか？」との交渉。翌朝店長と相談の上回答する旨返信。競合他社の価格も確認中。", "created_at": "2026-04-07 21:15:46.102000"}'),
  ('{"activity_id": "ACT0167", "negotiation_id": "N0659", "store_id": "S010", "customer_name": "野村康平", "assigned_user_name": "伊藤裕太", "activity_type": "メール（送信）", "activity_date": "2026-04-16 09:30:00", "subject": "来店お礼・見積書送付", "body": "野村康平様へ来店お礼メール送信。見積書PDF添付。トヨタ プリウスの在庫状況として、同グレードの問合せが増えている旨をお伝え。ご不明点があればいつでもご連絡くださいと添えた。", "created_at": "2026-04-07 21:15:46.102000"}'),
  ('{"activity_id": "ACT0168", "negotiation_id": "N0660", "store_id": "S007", "customer_name": "中田裕子", "assigned_user_name": "井上大輔", "activity_type": "電話（発信）", "activity_date": "2026-03-31 10:30:00", "subject": "フォローコール", "body": "中田裕子様へ架電。先日ご来店いただいたマツダ CX-5のご検討状況を確認。「まだ家族と相談中」とのこと。在庫状況として、同グレードの問合せが増えていることをお伝え。週末までにご回答いただける見込み。", "created_at": "2026-04-07 21:15:46.102000"}'),
  ('{"activity_id": "ACT0169", "negotiation_id": "N0660", "store_id": "S002", "customer_name": "中島翔太", "assigned_user_name": "石井由美", "activity_type": "来店対応", "activity_date": "2026-04-26 12:45:00", "subject": "来店ヒアリング・車両確認", "body": "中島翔太様来店。トヨタ ハリアーの実車を確認。内装の状態に満足された様子。試乗を実施し、「走りが良い」と好感触。見積書を作成し、総額462万円（税込）で提示。下取り査定も実施。「少し検討したい」とのことで、翌週にご連絡いただく約束。", "created_at": "2026-04-07 21:15:46.102000"}'),
  ('{"activity_id": "ACT0170", "negotiation_id": "N0660", "store_id": "S003", "customer_name": "青木翔", "assigned_user_name": "井上大輔", "activity_type": "電話（発信）", "activity_date": "2026-04-11 18:00:00", "subject": "フォローコール", "body": "青木翔様へ架電。先日ご来店いただいたトヨタ アルファードのご検討状況を確認。「まだ家族と相談中」とのこと。在庫状況として、同グレードの問合せが増えていることをお伝え。週末までにご回答いただける見込み。", "created_at": "2026-04-07 21:15:46.102000"}'),
  ('{"activity_id": "ACT0171", "negotiation_id": "N0660", "store_id": "S008", "customer_name": "清水拓也", "assigned_user_name": "中村麻衣", "activity_type": "Web問合せ", "activity_date": "2026-04-08 08:00:00", "subject": "Web問合せ受信：ホンダ フィット", "body": "清水拓也様よりWebフォーム経由で問合せ。ホンダ フィットに興味あり。現在の車からの乗り換え検討中。予算は110万円以内。平日夕方か土日の来店希望。翌営業日に電話でフォロー予定。", "created_at": "2026-04-07 21:15:46.102000"}'),
  ('{"activity_id": "ACT0172", "negotiation_id": "N0663", "store_id": "S003", "customer_name": "坂本由美", "assigned_user_name": "中村麻衣", "activity_type": "電話（発信）", "activity_date": "2026-03-25 12:00:00", "subject": "フォローコール", "body": "坂本由美様へ架電。先日ご来店いただいたトヨタ プリウスのご検討状況を確認。「まだ家族と相談中」とのこと。在庫状況として、同グレードの問合せが増えていることをお伝え。週末までにご回答いただける見込み。", "created_at": "2026-04-07 21:15:46.102000"}'),
  ('{"activity_id": "ACT0173", "negotiation_id": "N0663", "store_id": "S010", "customer_name": "中田裕子", "assigned_user_name": "石井由美", "activity_type": "紹介", "activity_date": "2026-04-10 17:45:00", "subject": "既存顧客からの紹介案件", "body": "既存顧客からの紹介で中田裕子様の情報を受領。トヨタ アクアに興味ありとのこと。架電しアポ調整。紹介元の顧客には紹介謝礼をご案内済み。", "created_at": "2026-04-07 21:15:46.102000"}'),
  ('{"activity_id": "ACT0174", "negotiation_id": "N0663", "store_id": "S009", "customer_name": "池田真由美", "assigned_user_name": "石井由美", "activity_type": "来店対応", "activity_date": "2026-04-28 10:30:00", "subject": "来店ヒアリング・車両確認", "body": "池田真由美様来店。トヨタ アクアの実車を確認。内装の状態に満足された様子。試乗を実施し、「走りが良い」と好感触。見積書を作成し、総額546万円（税込）で提示。下取り査定も実施。「少し検討したい」とのことで、翌週にご連絡いただく約束。", "created_at": "2026-04-07 21:15:46.102000"}'),
  ('{"activity_id": "ACT0175", "negotiation_id": "N0663", "store_id": "S003", "customer_name": "岡本沙織", "assigned_user_name": "伊藤裕太", "activity_type": "LINE", "activity_date": "2026-04-22 15:00:00", "subject": "LINE：値引き交渉", "body": "岡本沙織様よりLINE。「スズキ ジムニーですが、176万円にしてもらえませんか？」との交渉。翌朝店長と相談の上回答する旨返信。競合他社の価格も確認中。", "created_at": "2026-04-07 21:15:46.102000"}'),
  ('{"activity_id": "ACT0176", "negotiation_id": "N0668", "store_id": "S009", "customer_name": "上田浩二", "assigned_user_name": "加藤明美", "activity_type": "電話（受信）", "activity_date": "2026-04-13 10:15:00", "subject": "初回問合せ：ホンダ フィットについて", "body": "上田浩二様より入電。Webで掲載中のホンダ フィットについて問合せ。現在の車からの乗り換えを検討中。予算は155万円前後。通勤と週末の買い物に使用予定。下取りも検討したいとのこと。来店日程を調整し、アポ確定。", "created_at": "2026-04-07 21:15:46.102000"}'),
  ('{"activity_id": "ACT0177", "negotiation_id": "N0668", "store_id": "S008", "customer_name": "遠藤裕子", "assigned_user_name": "渡辺美穂", "activity_type": "電話（発信）", "activity_date": "2026-04-29 18:45:00", "subject": "フォローコール", "body": "遠藤裕子様へ架電。先日ご来店いただいたスバル フォレスターのご検討状況を確認。「まだ家族と相談中」とのこと。在庫状況として、同グレードの問合せが増えていることをお伝え。週末までにご回答いただける見込み。", "created_at": "2026-04-07 21:15:46.102000"}'),
  ('{"activity_id": "ACT0178", "negotiation_id": "N0668", "store_id": "S008", "customer_name": "上田浩二", "assigned_user_name": "田中太郎", "activity_type": "紹介", "activity_date": "2026-03-10 11:45:00", "subject": "既存顧客からの紹介案件", "body": "既存顧客からの紹介で上田浩二様の情報を受領。ホンダ ヴェゼルに興味ありとのこと。架電しアポ調整。紹介元の顧客には紹介謝礼をご案内済み。", "created_at": "2026-04-07 21:15:46.102000"}'),
  ('{"activity_id": "ACT0179", "negotiation_id": "N0668", "store_id": "S007", "customer_name": "竹内真司", "assigned_user_name": "石井由美", "activity_type": "メール（送信）", "activity_date": "2026-04-23 18:00:00", "subject": "来店お礼・見積書送付", "body": "竹内真司様へ来店お礼メール送信。見積書PDF添付。トヨタ プリウスの在庫状況として、同グレードの問合せが増えている旨をお伝え。ご不明点があればいつでもご連絡くださいと添えた。", "created_at": "2026-04-07 21:15:46.102000"}'),
  ('{"activity_id": "ACT0180", "negotiation_id": "N0673", "store_id": "S006", "customer_name": "安藤直樹", "assigned_user_name": "中村麻衣", "activity_type": "電話（発信）", "activity_date": "2026-04-11 11:30:00", "subject": "フォローコール", "body": "安藤直樹様へ架電。先日ご来店いただいたマツダ CX-5のご検討状況を確認。「まだ家族と相談中」とのこと。在庫状況として、同グレードの問合せが増えていることをお伝え。週末までにご回答いただける見込み。", "created_at": "2026-04-07 21:15:46.102000"}'),
  ('{"activity_id": "ACT0181", "negotiation_id": "N0673", "store_id": "S003", "customer_name": "岡本沙織", "assigned_user_name": "山本直樹", "activity_type": "Web問合せ", "activity_date": "2026-03-26 14:45:00", "subject": "Web問合せ受信：ホンダ フィット", "body": "岡本沙織様よりWebフォーム経由で問合せ。ホンダ フィットに興味あり。現在の車からの乗り換え検討中。予算は420万円以内。平日夕方か土日の来店希望。翌営業日に電話でフォロー予定。", "created_at": "2026-04-07 21:15:46.102000"}'),
  ('{"activity_id": "ACT0182", "negotiation_id": "N0673", "store_id": "S008", "customer_name": "高木沙織", "assigned_user_name": "松本美咲", "activity_type": "電話（発信）", "activity_date": "2026-03-31 17:45:00", "subject": "フォローコール", "body": "高木沙織様へ架電。先日ご来店いただいたトヨタ アクアのご検討状況を確認。「まだ家族と相談中」とのこと。在庫状況として、同グレードの問合せが増えていることをお伝え。週末までにご回答いただける見込み。", "created_at": "2026-04-07 21:15:46.102000"}'),
  ('{"activity_id": "ACT0183", "negotiation_id": "N0673", "store_id": "S008", "customer_name": "相川健太", "assigned_user_name": "佐藤花子", "activity_type": "LINE", "activity_date": "2026-03-13 09:30:00", "subject": "LINEでの問合せ対応", "body": "相川健太様よりLINE。「スズキ ジムニーの在庫状況を教えてください」とのメッセージ。在庫写真を送付し、スペックと価格情報をご案内。来店を提案し、アポを調整中。", "created_at": "2026-04-07 21:15:46.102000"}'),
  ('{"activity_id": "ACT0184", "negotiation_id": "N0678", "store_id": "S010", "customer_name": "西村麻衣", "assigned_user_name": "伊藤裕太", "activity_type": "電話（発信）", "activity_date": "2026-04-04 08:00:00", "subject": "在庫入荷のご連絡", "body": "西村麻衣様へ架電。以前お探しだったホンダ ヴェゼルの新しい在庫が入荷したことをご連絡。走行距離や年式、グレードの詳細をお伝え。「ぜひ見てみたい」とのことで、来店アポを調整。", "created_at": "2026-04-07 21:15:46.102000"}'),
  ('{"activity_id": "ACT0185", "negotiation_id": "N0678", "store_id": "S007", "customer_name": "遠藤裕子", "assigned_user_name": "石井由美", "activity_type": "LINE", "activity_date": "2026-04-22 18:45:00", "subject": "LINEでの問合せ対応", "body": "遠藤裕子様よりLINE。「スズキ ジムニーの在庫状況を教えてください」とのメッセージ。在庫写真を送付し、スペックと価格情報をご案内。来店を提案し、アポを調整中。", "created_at": "2026-04-07 21:15:46.102000"}'),
  ('{"activity_id": "ACT0186", "negotiation_id": "N0678", "store_id": "S009", "customer_name": "安藤直樹", "assigned_user_name": "伊藤裕太", "activity_type": "電話（発信）", "activity_date": "2026-04-14 08:15:00", "subject": "在庫入荷のご連絡", "body": "安藤直樹様へ架電。以前お探しだったスズキ ジムニーの新しい在庫が入荷したことをご連絡。走行距離や年式、グレードの詳細をお伝え。「ぜひ見てみたい」とのことで、来店アポを調整。", "created_at": "2026-04-07 21:15:46.102000"}'),
  ('{"activity_id": "ACT0187", "negotiation_id": "N0678", "store_id": "S008", "customer_name": "野村康平", "assigned_user_name": "中村恵子", "activity_type": "電話（発信）", "activity_date": "2026-03-14 15:15:00", "subject": "フォローコール", "body": "野村康平様へ架電。先日ご来店いただいたホンダ ヴェゼルのご検討状況を確認。「まだ家族と相談中」とのこと。在庫状況として、同グレードの問合せが増えていることをお伝え。週末までにご回答いただける見込み。", "created_at": "2026-04-07 21:15:46.102000"}'),
  ('{"activity_id": "ACT0188", "negotiation_id": "N0683", "store_id": "S010", "customer_name": "坂本由美", "assigned_user_name": "佐藤花子", "activity_type": "来店対応", "activity_date": "2026-04-14 09:30:00", "subject": "再来店・家族同伴での確認", "body": "坂本由美様ご家族で再来店。マツダ CX-5の実車をご家族にも確認いただく。ご家族全員の意見を聞き、荷室の広さや安全装備について詳しく説明。見積りの最終調整を行い、値引き後の価格で合意に近づく。", "created_at": "2026-04-07 21:15:46.102000"}'),
  ('{"activity_id": "ACT0189", "negotiation_id": "N0683", "store_id": "S004", "customer_name": "関口由紀", "assigned_user_name": "藤田康平", "activity_type": "電話（受信）", "activity_date": "2026-03-15 13:45:00", "subject": "初回問合せ：トヨタ ハリアーについて", "body": "関口由紀様より入電。Webで掲載中のトヨタ ハリアーについて問合せ。現在の車からの乗り換えを検討中。予算は299万円前後。通勤と週末の買い物に使用予定。下取りも検討したいとのこと。来店日程を調整し、アポ確定。", "created_at": "2026-04-07 21:15:46.102000"}'),
  ('{"activity_id": "ACT0190", "negotiation_id": "N0683", "store_id": "S003", "customer_name": "木下大輔", "assigned_user_name": "中村恵子", "activity_type": "電話（受信）", "activity_date": "2026-04-26 14:30:00", "subject": "初回問合せ：スバル フォレスターについて", "body": "木下大輔様より入電。Webで掲載中のスバル フォレスターについて問合せ。現在の車からの乗り換えを検討中。予算は442万円前後。通勤と週末の買い物に使用予定。下取りも検討したいとのこと。来店日程を調整し、アポ確定。", "created_at": "2026-04-07 21:15:46.102000"}'),
  ('{"activity_id": "ACT0191", "negotiation_id": "N0683", "store_id": "S005", "customer_name": "松田由美子", "assigned_user_name": "鈴木一郎", "activity_type": "メール（送信）", "activity_date": "2026-03-25 12:15:00", "subject": "来店お礼・見積書送付", "body": "松田由美子様へ来店お礼メール送信。見積書PDF添付。マツダ CX-5の在庫状況として、同グレードの問合せが増えている旨をお伝え。ご不明点があればいつでもご連絡くださいと添えた。", "created_at": "2026-04-07 21:15:46.102000"}'),
  ('{"activity_id": "ACT0192", "negotiation_id": "N0687", "store_id": "S010", "customer_name": "坂本由美", "assigned_user_name": "井上大輔", "activity_type": "LINE", "activity_date": "2026-03-29 10:15:00", "subject": "LINEでの問合せ対応", "body": "坂本由美様よりLINE。「トヨタ プリウスの在庫状況を教えてください」とのメッセージ。在庫写真を送付し、スペックと価格情報をご案内。来店を提案し、アポを調整中。", "created_at": "2026-04-07 21:15:46.102000"}'),
  ('{"activity_id": "ACT0193", "negotiation_id": "N0687", "store_id": "S002", "customer_name": "上田浩二", "assigned_user_name": "伊藤裕太", "activity_type": "電話（発信）", "activity_date": "2026-04-04 13:15:00", "subject": "フォローコール", "body": "上田浩二様へ架電。先日ご来店いただいた日産 ノートのご検討状況を確認。「まだ家族と相談中」とのこと。在庫状況として、同グレードの問合せが増えていることをお伝え。週末までにご回答いただける見込み。", "created_at": "2026-04-07 21:15:46.102000"}'),
  ('{"activity_id": "ACT0194", "negotiation_id": "N0687", "store_id": "S005", "customer_name": "丸山大輔", "assigned_user_name": "井上大輔", "activity_type": "電話（発信）", "activity_date": "2026-03-19 17:30:00", "subject": "在庫入荷のご連絡", "body": "丸山大輔様へ架電。以前お探しだったホンダ フィットの新しい在庫が入荷したことをご連絡。走行距離や年式、グレードの詳細をお伝え。「ぜひ見てみたい」とのことで、来店アポを調整。", "created_at": "2026-04-07 21:15:46.102000"}'),
  ('{"activity_id": "ACT0195", "negotiation_id": "N0687", "store_id": "S002", "customer_name": "渡部拓也", "assigned_user_name": "山本直樹", "activity_type": "電話（発信）", "activity_date": "2026-04-01 11:15:00", "subject": "フォローコール", "body": "渡部拓也様へ架電。先日ご来店いただいたトヨタ アクアのご検討状況を確認。「まだ家族と相談中」とのこと。在庫状況として、同グレードの問合せが増えていることをお伝え。週末までにご回答いただける見込み。", "created_at": "2026-04-07 21:15:46.102000"}'),
  ('{"activity_id": "ACT0196", "negotiation_id": "N0692", "store_id": "S008", "customer_name": "今井恵子", "assigned_user_name": "高橋健一", "activity_type": "電話（受信）", "activity_date": "2026-04-23 14:15:00", "subject": "初回問合せ：トヨタ アクアについて", "body": "今井恵子様より入電。Webで掲載中のトヨタ アクアについて問合せ。現在の車からの乗り換えを検討中。予算は217万円前後。通勤と週末の買い物に使用予定。下取りも検討したいとのこと。来店日程を調整し、アポ確定。", "created_at": "2026-04-07 21:15:46.102000"}'),
  ('{"activity_id": "ACT0197", "negotiation_id": "N0692", "store_id": "S002", "customer_name": "片桐美咲", "assigned_user_name": "小林翔太", "activity_type": "電話（発信）", "activity_date": "2026-04-17 10:45:00", "subject": "フォローコール", "body": "片桐美咲様へ架電。先日ご来店いただいたスバル フォレスターのご検討状況を確認。「まだ家族と相談中」とのこと。在庫状況として、同グレードの問合せが増えていることをお伝え。週末までにご回答いただける見込み。", "created_at": "2026-04-07 21:15:46.102000"}'),
  ('{"activity_id": "ACT0198", "negotiation_id": "N0692", "store_id": "S001", "customer_name": "関口由紀", "assigned_user_name": "中村麻衣", "activity_type": "LINE", "activity_date": "2026-04-16 13:00:00", "subject": "LINE：値引き交渉", "body": "関口由紀様よりLINE。「トヨタ アルファードですが、493万円にしてもらえませんか？」との交渉。翌朝店長と相談の上回答する旨返信。競合他社の価格も確認中。", "created_at": "2026-04-07 21:15:46.102000"}'),
  ('{"activity_id": "ACT0199", "negotiation_id": "N0692", "store_id": "S001", "customer_name": "木下大輔", "assigned_user_name": "藤田康平", "activity_type": "LINE", "activity_date": "2026-03-30 11:00:00", "subject": "LINE：値引き交渉", "body": "木下大輔様よりLINE。「ホンダ フィットですが、189万円にしてもらえませんか？」との交渉。翌朝店長と相談の上回答する旨返信。競合他社の価格も確認中。", "created_at": "2026-04-07 21:15:46.102000"}'),
  ('{"activity_id": "ACT0200", "negotiation_id": "N0696", "store_id": "S003", "customer_name": "相川健太", "assigned_user_name": "中村麻衣", "activity_type": "契約手続き", "activity_date": "2026-04-10 11:30:00", "subject": "契約完了", "body": "相川健太様来店、電子売契にて契約完了。トヨタ アクアの総額215万円。支払方法確定。納車予定日を調整。保険の切替についてもご案内済み。194様「対応が丁寧で安心して購入できた」とコメント。", "created_at": "2026-04-07 21:15:46.102000"}');

INSERT INTO IDOM_HANDSON.RAW_DATA.ACTIVITY_LOGS (RAW_DATA)
SELECT PARSE_JSON(column1) FROM VALUES
  ('{"activity_id": "ACT0201", "negotiation_id": "N0696", "store_id": "S008", "customer_name": "高木沙織", "assigned_user_name": "森田沙織", "activity_type": "来店対応", "activity_date": "2026-04-08 16:30:00", "subject": "再来店・家族同伴での確認", "body": "高木沙織様ご家族で再来店。トヨタ アクアの実車をご家族にも確認いただく。ご家族全員の意見を聞き、荷室の広さや安全装備について詳しく説明。見積りの最終調整を行い、値引き後の価格で合意に近づく。", "created_at": "2026-04-07 21:15:46.102000"}'),
  ('{"activity_id": "ACT0202", "negotiation_id": "N0696", "store_id": "S003", "customer_name": "木下大輔", "assigned_user_name": "藤田康平", "activity_type": "電話（受信）", "activity_date": "2026-03-05 14:00:00", "subject": "納車後フォロー", "body": "木下大輔様より入電。先日納車したトヨタ プリウスの調子を確認。「快適に乗っています」とのこと。オイル交換の時期についてご質問あり→次回点検時に実施する旨ご案内。知人への紹介もいただける可能性あり。", "created_at": "2026-04-07 21:15:46.102000"}'),
  ('{"activity_id": "ACT0203", "negotiation_id": "N0696", "store_id": "S003", "customer_name": "山本裕子", "assigned_user_name": "石井由美", "activity_type": "LINE", "activity_date": "2026-04-13 11:00:00", "subject": "LINE：値引き交渉", "body": "山本裕子様よりLINE。「トヨタ プリウスですが、173万円にしてもらえませんか？」との交渉。翌朝店長と相談の上回答する旨返信。競合他社の価格も確認中。", "created_at": "2026-04-07 21:15:46.102000"}'),
  ('{"activity_id": "ACT0204", "negotiation_id": "N0700", "store_id": "S010", "customer_name": "杉山恵子", "assigned_user_name": "井上大輔", "activity_type": "電話（受信）", "activity_date": "2026-03-15 20:00:00", "subject": "初回問合せ：スバル フォレスターについて", "body": "杉山恵子様より入電。Webで掲載中のスバル フォレスターについて問合せ。現在の車からの乗り換えを検討中。予算は161万円前後。通勤と週末の買い物に使用予定。下取りも検討したいとのこと。来店日程を調整し、アポ確定。", "created_at": "2026-04-07 21:15:46.102000"}'),
  ('{"activity_id": "ACT0205", "negotiation_id": "N0700", "store_id": "S009", "customer_name": "瀬戸浩二", "assigned_user_name": "鈴木一郎", "activity_type": "LINE", "activity_date": "2026-03-25 12:45:00", "subject": "LINE：値引き交渉", "body": "瀬戸浩二様よりLINE。「日産 ノートですが、392万円にしてもらえませんか？」との交渉。翌朝店長と相談の上回答する旨返信。競合他社の価格も確認中。", "created_at": "2026-04-07 21:15:46.102000"}'),
  ('{"activity_id": "ACT0206", "negotiation_id": "N0700", "store_id": "S004", "customer_name": "丸山大輔", "assigned_user_name": "松本美咲", "activity_type": "社内メモ", "activity_date": "2026-04-10 15:45:00", "subject": "商談状況の共有", "body": "丸山大輔様のスバル フォレスター商談について店長と共有。価格交渉の余地と競合状況を分析。今後のフォロー方針を決定。顧客の温度感は中程度、継続的なフォローが必要と判断。", "created_at": "2026-04-07 21:15:46.102000"}'),
  ('{"activity_id": "ACT0207", "negotiation_id": "N0700", "store_id": "S008", "customer_name": "西村麻衣", "assigned_user_name": "石井由美", "activity_type": "来店対応", "activity_date": "2026-04-10 19:15:00", "subject": "来店ヒアリング・車両確認", "body": "西村麻衣様来店。トヨタ アルファードの実車を確認。内装の状態に満足された様子。試乗を実施し、「走りが良い」と好感触。見積書を作成し、総額173万円（税込）で提示。下取り査定も実施。「少し検討したい」とのことで、翌週にご連絡いただく約束。", "created_at": "2026-04-07 21:15:46.102000"}'),
  ('{"activity_id": "ACT0208", "negotiation_id": "N0704", "store_id": "S003", "customer_name": "前田翔太", "assigned_user_name": "鈴木一郎", "activity_type": "LINE", "activity_date": "2026-03-10 08:45:00", "subject": "LINEでの問合せ対応", "body": "前田翔太様よりLINE。「マツダ CX-5の在庫状況を教えてください」とのメッセージ。在庫写真を送付し、スペックと価格情報をご案内。来店を提案し、アポを調整中。", "created_at": "2026-04-07 21:15:46.102000"}'),
  ('{"activity_id": "ACT0209", "negotiation_id": "N0704", "store_id": "S009", "customer_name": "谷口明美", "assigned_user_name": "井上大輔", "activity_type": "契約手続き", "activity_date": "2026-03-23 11:45:00", "subject": "契約完了", "body": "谷口明美様来店、電子売契にて契約完了。トヨタ ハリアーの総額530万円。支払方法確定。納車予定日を調整。保険の切替についてもご案内済み。420様「対応が丁寧で安心して購入できた」とコメント。", "created_at": "2026-04-07 21:15:46.102000"}'),
  ('{"activity_id": "ACT0210", "negotiation_id": "N0704", "store_id": "S007", "customer_name": "佐野隆", "assigned_user_name": "森田沙織", "activity_type": "契約手続き", "activity_date": "2026-03-24 13:30:00", "subject": "契約完了", "body": "佐野隆様来店、電子売契にて契約完了。日産 ノートの総額298万円。支払方法確定。納車予定日を調整。保険の切替についてもご案内済み。337様「対応が丁寧で安心して購入できた」とコメント。", "created_at": "2026-04-07 21:15:46.102000"}'),
  ('{"activity_id": "ACT0211", "negotiation_id": "N0704", "store_id": "S007", "customer_name": "黒田麻衣", "assigned_user_name": "中村麻衣", "activity_type": "来店対応", "activity_date": "2026-04-15 11:15:00", "subject": "再来店・家族同伴での確認", "body": "黒田麻衣様ご家族で再来店。トヨタ アルファードの実車をご家族にも確認いただく。ご家族全員の意見を聞き、荷室の広さや安全装備について詳しく説明。見積りの最終調整を行い、値引き後の価格で合意に近づく。", "created_at": "2026-04-07 21:15:46.102000"}'),
  ('{"activity_id": "ACT0212", "negotiation_id": "N0709", "store_id": "S008", "customer_name": "久保田翔", "assigned_user_name": "小林翔太", "activity_type": "Web問合せ", "activity_date": "2026-03-14 14:15:00", "subject": "Web問合せ受信：ホンダ ヴェゼル", "body": "久保田翔様よりWebフォーム経由で問合せ。ホンダ ヴェゼルに興味あり。現在の車からの乗り換え検討中。予算は429万円以内。平日夕方か土日の来店希望。翌営業日に電話でフォロー予定。", "created_at": "2026-04-07 21:15:46.102000"}'),
  ('{"activity_id": "ACT0213", "negotiation_id": "N0709", "store_id": "S002", "customer_name": "西村麻衣", "assigned_user_name": "森田沙織", "activity_type": "社内メモ", "activity_date": "2026-04-25 17:45:00", "subject": "商談状況の共有", "body": "西村麻衣様のホンダ フィット商談について店長と共有。価格交渉の余地と競合状況を分析。今後のフォロー方針を決定。顧客の温度感は中程度、継続的なフォローが必要と判断。", "created_at": "2026-04-07 21:15:46.102000"}'),
  ('{"activity_id": "ACT0214", "negotiation_id": "N0709", "store_id": "S004", "customer_name": "池田真由美", "assigned_user_name": "藤田康平", "activity_type": "電話（受信）", "activity_date": "2026-03-25 16:45:00", "subject": "初回問合せ：スズキ ジムニーについて", "body": "池田真由美様より入電。Webで掲載中のスズキ ジムニーについて問合せ。現在の車からの乗り換えを検討中。予算は180万円前後。通勤と週末の買い物に使用予定。下取りも検討したいとのこと。来店日程を調整し、アポ確定。", "created_at": "2026-04-07 21:15:46.102000"}'),
  ('{"activity_id": "ACT0215", "negotiation_id": "N0709", "store_id": "S008", "customer_name": "高木沙織", "assigned_user_name": "山本直樹", "activity_type": "来店対応", "activity_date": "2026-03-12 12:15:00", "subject": "来店ヒアリング・車両確認", "body": "高木沙織様来店。マツダ CX-5の実車を確認。内装の状態に満足された様子。試乗を実施し、「走りが良い」と好感触。見積書を作成し、総額390万円（税込）で提示。下取り査定も実施。「少し検討したい」とのことで、翌週にご連絡いただく約束。", "created_at": "2026-04-07 21:15:46.102000"}'),
  ('{"activity_id": "ACT0216", "negotiation_id": "N0713", "store_id": "S004", "customer_name": "木下大輔", "assigned_user_name": "小林翔太", "activity_type": "LINE", "activity_date": "2026-04-25 19:15:00", "subject": "LINE：値引き交渉", "body": "木下大輔様よりLINE。「ホンダ ヴェゼルですが、339万円にしてもらえませんか？」との交渉。翌朝店長と相談の上回答する旨返信。競合他社の価格も確認中。", "created_at": "2026-04-07 21:15:46.102000"}'),
  ('{"activity_id": "ACT0217", "negotiation_id": "N0713", "store_id": "S008", "customer_name": "山本裕子", "assigned_user_name": "中村麻衣", "activity_type": "紹介", "activity_date": "2026-04-20 09:00:00", "subject": "既存顧客からの紹介案件", "body": "既存顧客からの紹介で山本裕子様の情報を受領。トヨタ プリウスに興味ありとのこと。架電しアポ調整。紹介元の顧客には紹介謝礼をご案内済み。", "created_at": "2026-04-07 21:15:46.102000"}'),
  ('{"activity_id": "ACT0218", "negotiation_id": "N0713", "store_id": "S001", "customer_name": "杉山恵子", "assigned_user_name": "藤田康平", "activity_type": "電話（受信）", "activity_date": "2026-03-13 19:15:00", "subject": "初回問合せ：トヨタ アクアについて", "body": "杉山恵子様より入電。Webで掲載中のトヨタ アクアについて問合せ。現在の車からの乗り換えを検討中。予算は260万円前後。通勤と週末の買い物に使用予定。下取りも検討したいとのこと。来店日程を調整し、アポ確定。", "created_at": "2026-04-07 21:15:46.102000"}'),
  ('{"activity_id": "ACT0219", "negotiation_id": "N0713", "store_id": "S005", "customer_name": "瀬戸浩二", "assigned_user_name": "石井由美", "activity_type": "メール（送信）", "activity_date": "2026-04-27 15:45:00", "subject": "来店お礼・見積書送付", "body": "瀬戸浩二様へ来店お礼メール送信。見積書PDF添付。スバル フォレスターの在庫状況として、同グレードの問合せが増えている旨をお伝え。ご不明点があればいつでもご連絡くださいと添えた。", "created_at": "2026-04-07 21:15:46.102000"}'),
  ('{"activity_id": "ACT0220", "negotiation_id": "N0716", "store_id": "S003", "customer_name": "相川健太", "assigned_user_name": "加藤明美", "activity_type": "電話（発信）", "activity_date": "2026-03-11 10:15:00", "subject": "在庫入荷のご連絡", "body": "相川健太様へ架電。以前お探しだったトヨタ アクアの新しい在庫が入荷したことをご連絡。走行距離や年式、グレードの詳細をお伝え。「ぜひ見てみたい」とのことで、来店アポを調整。", "created_at": "2026-04-07 21:15:46.102000"}'),
  ('{"activity_id": "ACT0221", "negotiation_id": "N0716", "store_id": "S002", "customer_name": "西村麻衣", "assigned_user_name": "小林翔太", "activity_type": "契約手続き", "activity_date": "2026-04-10 15:30:00", "subject": "契約完了", "body": "西村麻衣様来店、電子売契にて契約完了。トヨタ ハリアーの総額387万円。支払方法確定。納車予定日を調整。保険の切替についてもご案内済み。382様「対応が丁寧で安心して購入できた」とコメント。", "created_at": "2026-04-07 21:15:46.102000"}'),
  ('{"activity_id": "ACT0222", "negotiation_id": "N0716", "store_id": "S004", "customer_name": "上田浩二", "assigned_user_name": "渡辺美穂", "activity_type": "電話（発信）", "activity_date": "2026-03-03 10:45:00", "subject": "在庫入荷のご連絡", "body": "上田浩二様へ架電。以前お探しだった日産 ノートの新しい在庫が入荷したことをご連絡。走行距離や年式、グレードの詳細をお伝え。「ぜひ見てみたい」とのことで、来店アポを調整。", "created_at": "2026-04-07 21:15:46.102000"}'),
  ('{"activity_id": "ACT0223", "negotiation_id": "N0716", "store_id": "S007", "customer_name": "今井恵子", "assigned_user_name": "伊藤裕太", "activity_type": "社内メモ", "activity_date": "2026-04-22 13:45:00", "subject": "商談状況の共有", "body": "今井恵子様のトヨタ プリウス商談について店長と共有。価格交渉の余地と競合状況を分析。今後のフォロー方針を決定。顧客の温度感は中程度、継続的なフォローが必要と判断。", "created_at": "2026-04-07 21:15:46.102000"}'),
  ('{"activity_id": "ACT0224", "negotiation_id": "N0721", "store_id": "S003", "customer_name": "岡本沙織", "assigned_user_name": "鈴木一郎", "activity_type": "LINE", "activity_date": "2026-03-23 13:00:00", "subject": "LINE：値引き交渉", "body": "岡本沙織様よりLINE。「日産 ノートですが、443万円にしてもらえませんか？」との交渉。翌朝店長と相談の上回答する旨返信。競合他社の価格も確認中。", "created_at": "2026-04-07 21:15:46.102000"}'),
  ('{"activity_id": "ACT0225", "negotiation_id": "N0721", "store_id": "S002", "customer_name": "野村康平", "assigned_user_name": "渡辺美穂", "activity_type": "Web問合せ", "activity_date": "2026-03-26 10:00:00", "subject": "Web問合せ受信：スバル フォレスター", "body": "野村康平様よりWebフォーム経由で問合せ。スバル フォレスターに興味あり。現在の車からの乗り換え検討中。予算は253万円以内。平日夕方か土日の来店希望。翌営業日に電話でフォロー予定。", "created_at": "2026-04-07 21:15:46.102000"}'),
  ('{"activity_id": "ACT0226", "negotiation_id": "N0721", "store_id": "S004", "customer_name": "斎藤恵", "assigned_user_name": "藤田康平", "activity_type": "紹介", "activity_date": "2026-04-30 20:00:00", "subject": "既存顧客からの紹介案件", "body": "既存顧客からの紹介で斎藤恵様の情報を受領。ホンダ フィットに興味ありとのこと。架電しアポ調整。紹介元の顧客には紹介謝礼をご案内済み。", "created_at": "2026-04-07 21:15:46.102000"}'),
  ('{"activity_id": "ACT0227", "negotiation_id": "N0721", "store_id": "S010", "customer_name": "藤原康平", "assigned_user_name": "鈴木一郎", "activity_type": "Web問合せ", "activity_date": "2026-03-11 13:30:00", "subject": "Web問合せ受信：スバル フォレスター", "body": "藤原康平様よりWebフォーム経由で問合せ。スバル フォレスターに興味あり。現在の車からの乗り換え検討中。予算は402万円以内。平日夕方か土日の来店希望。翌営業日に電話でフォロー予定。", "created_at": "2026-04-07 21:15:46.102000"}'),
  ('{"activity_id": "ACT0228", "negotiation_id": "N0723", "store_id": "S005", "customer_name": "安藤直樹", "assigned_user_name": "鈴木一郎", "activity_type": "電話（受信）", "activity_date": "2026-03-04 18:15:00", "subject": "納車後フォロー", "body": "安藤直樹様より入電。先日納車した日産 ノートの調子を確認。「快適に乗っています」とのこと。オイル交換の時期についてご質問あり→次回点検時に実施する旨ご案内。知人への紹介もいただける可能性あり。", "created_at": "2026-04-07 21:15:46.102000"}'),
  ('{"activity_id": "ACT0229", "negotiation_id": "N0723", "store_id": "S005", "customer_name": "青木翔", "assigned_user_name": "森田沙織", "activity_type": "電話（発信）", "activity_date": "2026-03-18 19:45:00", "subject": "在庫入荷のご連絡", "body": "青木翔様へ架電。以前お探しだったマツダ CX-5の新しい在庫が入荷したことをご連絡。走行距離や年式、グレードの詳細をお伝え。「ぜひ見てみたい」とのことで、来店アポを調整。", "created_at": "2026-04-07 21:15:46.102000"}'),
  ('{"activity_id": "ACT0230", "negotiation_id": "N0723", "store_id": "S002", "customer_name": "石井健一", "assigned_user_name": "佐藤花子", "activity_type": "来店対応", "activity_date": "2026-03-01 19:00:00", "subject": "再来店・家族同伴での確認", "body": "石井健一様ご家族で再来店。トヨタ ハリアーの実車をご家族にも確認いただく。ご家族全員の意見を聞き、荷室の広さや安全装備について詳しく説明。見積りの最終調整を行い、値引き後の価格で合意に近づく。", "created_at": "2026-04-07 21:15:46.102000"}'),
  ('{"activity_id": "ACT0231", "negotiation_id": "N0723", "store_id": "S007", "customer_name": "遠藤裕子", "assigned_user_name": "松本美咲", "activity_type": "LINE", "activity_date": "2026-04-14 18:30:00", "subject": "LINEでの問合せ対応", "body": "遠藤裕子様よりLINE。「マツダ CX-5の在庫状況を教えてください」とのメッセージ。在庫写真を送付し、スペックと価格情報をご案内。来店を提案し、アポを調整中。", "created_at": "2026-04-07 21:15:46.102000"}'),
  ('{"activity_id": "ACT0232", "negotiation_id": "N0727", "store_id": "S006", "customer_name": "森下真由美", "assigned_user_name": "小林翔太", "activity_type": "Web問合せ", "activity_date": "2026-03-09 13:30:00", "subject": "Web問合せ受信：マツダ CX-5", "body": "森下真由美様よりWebフォーム経由で問合せ。マツダ CX-5に興味あり。現在の車からの乗り換え検討中。予算は462万円以内。平日夕方か土日の来店希望。翌営業日に電話でフォロー予定。", "created_at": "2026-04-07 21:15:46.102000"}'),
  ('{"activity_id": "ACT0233", "negotiation_id": "N0727", "store_id": "S004", "customer_name": "藤原康平", "assigned_user_name": "加藤明美", "activity_type": "電話（受信）", "activity_date": "2026-04-28 18:00:00", "subject": "納車後フォロー", "body": "藤原康平様より入電。先日納車したホンダ フィットの調子を確認。「快適に乗っています」とのこと。オイル交換の時期についてご質問あり→次回点検時に実施する旨ご案内。知人への紹介もいただける可能性あり。", "created_at": "2026-04-07 21:15:46.102000"}'),
  ('{"activity_id": "ACT0234", "negotiation_id": "N0727", "store_id": "S006", "customer_name": "森下真由美", "assigned_user_name": "高橋健一", "activity_type": "紹介", "activity_date": "2026-04-21 20:00:00", "subject": "既存顧客からの紹介案件", "body": "既存顧客からの紹介で森下真由美様の情報を受領。トヨタ プリウスに興味ありとのこと。架電しアポ調整。紹介元の顧客には紹介謝礼をご案内済み。", "created_at": "2026-04-07 21:15:46.102000"}'),
  ('{"activity_id": "ACT0235", "negotiation_id": "N0727", "store_id": "S002", "customer_name": "野村康平", "assigned_user_name": "石井由美", "activity_type": "メール（送信）", "activity_date": "2026-04-21 11:00:00", "subject": "来店お礼・見積書送付", "body": "野村康平様へ来店お礼メール送信。見積書PDF添付。トヨタ アクアの在庫状況として、同グレードの問合せが増えている旨をお伝え。ご不明点があればいつでもご連絡くださいと添えた。", "created_at": "2026-04-07 21:15:46.102000"}'),
  ('{"activity_id": "ACT0236", "negotiation_id": "N0728", "store_id": "S001", "customer_name": "石井健一", "assigned_user_name": "田中太郎", "activity_type": "電話（受信）", "activity_date": "2026-04-25 15:30:00", "subject": "初回問合せ：トヨタ ハリアーについて", "body": "石井健一様より入電。Webで掲載中のトヨタ ハリアーについて問合せ。現在の車からの乗り換えを検討中。予算は398万円前後。通勤と週末の買い物に使用予定。下取りも検討したいとのこと。来店日程を調整し、アポ確定。", "created_at": "2026-04-07 21:15:46.102000"}'),
  ('{"activity_id": "ACT0237", "negotiation_id": "N0728", "store_id": "S002", "customer_name": "横山拓也", "assigned_user_name": "高橋健一", "activity_type": "紹介", "activity_date": "2026-03-13 19:00:00", "subject": "既存顧客からの紹介案件", "body": "既存顧客からの紹介で横山拓也様の情報を受領。トヨタ プリウスに興味ありとのこと。架電しアポ調整。紹介元の顧客には紹介謝礼をご案内済み。", "created_at": "2026-04-07 21:15:46.102000"}'),
  ('{"activity_id": "ACT0238", "negotiation_id": "N0728", "store_id": "S002", "customer_name": "寺田直樹", "assigned_user_name": "鈴木一郎", "activity_type": "来店対応", "activity_date": "2026-03-15 11:00:00", "subject": "来店ヒアリング・車両確認", "body": "寺田直樹様来店。マツダ CX-5の実車を確認。内装の状態に満足された様子。試乗を実施し、「走りが良い」と好感触。見積書を作成し、総額505万円（税込）で提示。下取り査定も実施。「少し検討したい」とのことで、翌週にご連絡いただく約束。", "created_at": "2026-04-07 21:15:46.102000"}'),
  ('{"activity_id": "ACT0239", "negotiation_id": "N0728", "store_id": "S002", "customer_name": "小川恵理", "assigned_user_name": "藤田康平", "activity_type": "電話（発信）", "activity_date": "2026-04-22 11:45:00", "subject": "在庫入荷のご連絡", "body": "小川恵理様へ架電。以前お探しだったスズキ ジムニーの新しい在庫が入荷したことをご連絡。走行距離や年式、グレードの詳細をお伝え。「ぜひ見てみたい」とのことで、来店アポを調整。", "created_at": "2026-04-07 21:15:46.102000"}'),
  ('{"activity_id": "ACT0240", "negotiation_id": "N0733", "store_id": "S003", "customer_name": "今井恵子", "assigned_user_name": "加藤明美", "activity_type": "電話（発信）", "activity_date": "2026-03-04 15:15:00", "subject": "在庫入荷のご連絡", "body": "今井恵子様へ架電。以前お探しだったスバル フォレスターの新しい在庫が入荷したことをご連絡。走行距離や年式、グレードの詳細をお伝え。「ぜひ見てみたい」とのことで、来店アポを調整。", "created_at": "2026-04-07 21:15:46.102000"}'),
  ('{"activity_id": "ACT0241", "negotiation_id": "N0733", "store_id": "S001", "customer_name": "寺田直樹", "assigned_user_name": "伊藤裕太", "activity_type": "電話（受信）", "activity_date": "2026-04-26 16:15:00", "subject": "納車後フォロー", "body": "寺田直樹様より入電。先日納車したトヨタ アルファードの調子を確認。「快適に乗っています」とのこと。オイル交換の時期についてご質問あり→次回点検時に実施する旨ご案内。知人への紹介もいただける可能性あり。", "created_at": "2026-04-07 21:15:46.102000"}'),
  ('{"activity_id": "ACT0242", "negotiation_id": "N0733", "store_id": "S002", "customer_name": "星野沙織", "assigned_user_name": "田中太郎", "activity_type": "電話（発信）", "activity_date": "2026-03-21 20:15:00", "subject": "在庫入荷のご連絡", "body": "星野沙織様へ架電。以前お探しだったトヨタ アルファードの新しい在庫が入荷したことをご連絡。走行距離や年式、グレードの詳細をお伝え。「ぜひ見てみたい」とのことで、来店アポを調整。", "created_at": "2026-04-07 21:15:46.102000"}'),
  ('{"activity_id": "ACT0243", "negotiation_id": "N0733", "store_id": "S007", "customer_name": "斎藤恵", "assigned_user_name": "加藤明美", "activity_type": "来店対応", "activity_date": "2026-04-10 12:15:00", "subject": "来店ヒアリング・車両確認", "body": "斎藤恵様来店。スバル フォレスターの実車を確認。内装の状態に満足された様子。試乗を実施し、「走りが良い」と好感触。見積書を作成し、総額311万円（税込）で提示。下取り査定も実施。「少し検討したい」とのことで、翌週にご連絡いただく約束。", "created_at": "2026-04-07 21:15:46.102000"}'),
  ('{"activity_id": "ACT0244", "negotiation_id": "N0737", "store_id": "S006", "customer_name": "片桐美咲", "assigned_user_name": "中村麻衣", "activity_type": "LINE", "activity_date": "2026-04-13 12:30:00", "subject": "LINEでの問合せ対応", "body": "片桐美咲様よりLINE。「トヨタ プリウスの在庫状況を教えてください」とのメッセージ。在庫写真を送付し、スペックと価格情報をご案内。来店を提案し、アポを調整中。", "created_at": "2026-04-07 21:15:46.102000"}'),
  ('{"activity_id": "ACT0245", "negotiation_id": "N0737", "store_id": "S003", "customer_name": "瀬戸浩二", "assigned_user_name": "佐藤花子", "activity_type": "紹介", "activity_date": "2026-04-27 19:00:00", "subject": "既存顧客からの紹介案件", "body": "既存顧客からの紹介で瀬戸浩二様の情報を受領。トヨタ アクアに興味ありとのこと。架電しアポ調整。紹介元の顧客には紹介謝礼をご案内済み。", "created_at": "2026-04-07 21:15:46.102000"}'),
  ('{"activity_id": "ACT0246", "negotiation_id": "N0737", "store_id": "S007", "customer_name": "寺田直樹", "assigned_user_name": "森田沙織", "activity_type": "LINE", "activity_date": "2026-03-06 13:30:00", "subject": "LINE：値引き交渉", "body": "寺田直樹様よりLINE。「トヨタ プリウスですが、481万円にしてもらえませんか？」との交渉。翌朝店長と相談の上回答する旨返信。競合他社の価格も確認中。", "created_at": "2026-04-07 21:15:46.102000"}'),
  ('{"activity_id": "ACT0247", "negotiation_id": "N0737", "store_id": "S010", "customer_name": "丸山大輔", "assigned_user_name": "田中太郎", "activity_type": "電話（発信）", "activity_date": "2026-04-23 13:45:00", "subject": "在庫入荷のご連絡", "body": "丸山大輔様へ架電。以前お探しだったスバル フォレスターの新しい在庫が入荷したことをご連絡。走行距離や年式、グレードの詳細をお伝え。「ぜひ見てみたい」とのことで、来店アポを調整。", "created_at": "2026-04-07 21:15:46.102000"}'),
  ('{"activity_id": "ACT0248", "negotiation_id": "N0740", "store_id": "S008", "customer_name": "前田翔太", "assigned_user_name": "松本美咲", "activity_type": "電話（発信）", "activity_date": "2026-03-21 16:15:00", "subject": "在庫入荷のご連絡", "body": "前田翔太様へ架電。以前お探しだったホンダ フィットの新しい在庫が入荷したことをご連絡。走行距離や年式、グレードの詳細をお伝え。「ぜひ見てみたい」とのことで、来店アポを調整。", "created_at": "2026-04-07 21:15:46.102000"}'),
  ('{"activity_id": "ACT0249", "negotiation_id": "N0740", "store_id": "S010", "customer_name": "小松隆", "assigned_user_name": "佐藤花子", "activity_type": "メール（送信）", "activity_date": "2026-04-26 15:30:00", "subject": "来店お礼・見積書送付", "body": "小松隆様へ来店お礼メール送信。見積書PDF添付。ホンダ ヴェゼルの在庫状況として、同グレードの問合せが増えている旨をお伝え。ご不明点があればいつでもご連絡くださいと添えた。", "created_at": "2026-04-07 21:15:46.102000"}'),
  ('{"activity_id": "ACT0250", "negotiation_id": "N0740", "store_id": "S007", "customer_name": "佐野隆", "assigned_user_name": "森田沙織", "activity_type": "紹介", "activity_date": "2026-04-17 20:45:00", "subject": "既存顧客からの紹介案件", "body": "既存顧客からの紹介で佐野隆様の情報を受領。日産 ノートに興味ありとのこと。架電しアポ調整。紹介元の顧客には紹介謝礼をご案内済み。", "created_at": "2026-04-07 21:15:46.102000"}');

INSERT INTO IDOM_HANDSON.RAW_DATA.ACTIVITY_LOGS (RAW_DATA)
SELECT PARSE_JSON(column1) FROM VALUES
  ('{"activity_id": "ACT0251", "negotiation_id": "N0740", "store_id": "S001", "customer_name": "黒田麻衣", "assigned_user_name": "藤田康平", "activity_type": "契約手続き", "activity_date": "2026-03-10 14:30:00", "subject": "契約完了", "body": "黒田麻衣様来店、電子売契にて契約完了。マツダ CX-5の総額545万円。支払方法確定。納車予定日を調整。保険の切替についてもご案内済み。423様「対応が丁寧で安心して購入できた」とコメント。", "created_at": "2026-04-07 21:15:46.102000"}'),
  ('{"activity_id": "ACT0252", "negotiation_id": "N0741", "store_id": "S003", "customer_name": "木下大輔", "assigned_user_name": "伊藤裕太", "activity_type": "契約手続き", "activity_date": "2026-03-26 15:15:00", "subject": "契約完了", "body": "木下大輔様来店、電子売契にて契約完了。トヨタ アルファードの総額148万円。支払方法確定。納車予定日を調整。保険の切替についてもご案内済み。108様「対応が丁寧で安心して購入できた」とコメント。", "created_at": "2026-04-07 21:15:46.102000"}'),
  ('{"activity_id": "ACT0253", "negotiation_id": "N0741", "store_id": "S006", "customer_name": "遠藤裕子", "assigned_user_name": "鈴木一郎", "activity_type": "LINE", "activity_date": "2026-03-20 16:30:00", "subject": "LINEでの問合せ対応", "body": "遠藤裕子様よりLINE。「日産 ノートの在庫状況を教えてください」とのメッセージ。在庫写真を送付し、スペックと価格情報をご案内。来店を提案し、アポを調整中。", "created_at": "2026-04-07 21:15:46.102000"}'),
  ('{"activity_id": "ACT0254", "negotiation_id": "N0741", "store_id": "S004", "customer_name": "藤原康平", "assigned_user_name": "松本美咲", "activity_type": "メール（送信）", "activity_date": "2026-03-11 15:00:00", "subject": "来店お礼・見積書送付", "body": "藤原康平様へ来店お礼メール送信。見積書PDF添付。マツダ CX-5の在庫状況として、同グレードの問合せが増えている旨をお伝え。ご不明点があればいつでもご連絡くださいと添えた。", "created_at": "2026-04-07 21:15:46.102000"}'),
  ('{"activity_id": "ACT0255", "negotiation_id": "N0741", "store_id": "S002", "customer_name": "瀬戸浩二", "assigned_user_name": "藤田康平", "activity_type": "Web問合せ", "activity_date": "2026-03-10 11:45:00", "subject": "Web問合せ受信：日産 ノート", "body": "瀬戸浩二様よりWebフォーム経由で問合せ。日産 ノートに興味あり。現在の車からの乗り換え検討中。予算は411万円以内。平日夕方か土日の来店希望。翌営業日に電話でフォロー予定。", "created_at": "2026-04-07 21:15:46.102000"}'),
  ('{"activity_id": "ACT0256", "negotiation_id": "N0743", "store_id": "S008", "customer_name": "坂本由美", "assigned_user_name": "加藤明美", "activity_type": "契約手続き", "activity_date": "2026-03-20 18:45:00", "subject": "契約完了", "body": "坂本由美様来店、電子売契にて契約完了。トヨタ ハリアーの総額273万円。支払方法確定。納車予定日を調整。保険の切替についてもご案内済み。422様「対応が丁寧で安心して購入できた」とコメント。", "created_at": "2026-04-07 21:15:46.102000"}'),
  ('{"activity_id": "ACT0257", "negotiation_id": "N0743", "store_id": "S002", "customer_name": "大谷美咲", "assigned_user_name": "渡辺美穂", "activity_type": "LINE", "activity_date": "2026-04-16 13:15:00", "subject": "LINE：値引き交渉", "body": "大谷美咲様よりLINE。「スズキ ジムニーですが、244万円にしてもらえませんか？」との交渉。翌朝店長と相談の上回答する旨返信。競合他社の価格も確認中。", "created_at": "2026-04-07 21:15:46.102000"}'),
  ('{"activity_id": "ACT0258", "negotiation_id": "N0743", "store_id": "S010", "customer_name": "今井恵子", "assigned_user_name": "田中太郎", "activity_type": "Web問合せ", "activity_date": "2026-03-27 11:15:00", "subject": "Web問合せ受信：トヨタ プリウス", "body": "今井恵子様よりWebフォーム経由で問合せ。トヨタ プリウスに興味あり。現在の車からの乗り換え検討中。予算は328万円以内。平日夕方か土日の来店希望。翌営業日に電話でフォロー予定。", "created_at": "2026-04-07 21:15:46.102000"}'),
  ('{"activity_id": "ACT0259", "negotiation_id": "N0743", "store_id": "S004", "customer_name": "山本裕子", "assigned_user_name": "松本美咲", "activity_type": "Web問合せ", "activity_date": "2026-04-06 20:30:00", "subject": "Web問合せ受信：ホンダ フィット", "body": "山本裕子様よりWebフォーム経由で問合せ。ホンダ フィットに興味あり。現在の車からの乗り換え検討中。予算は384万円以内。平日夕方か土日の来店希望。翌営業日に電話でフォロー予定。", "created_at": "2026-04-07 21:15:46.102000"}'),
  ('{"activity_id": "ACT0260", "negotiation_id": "N0745", "store_id": "S006", "customer_name": "斎藤恵", "assigned_user_name": "中村恵子", "activity_type": "来店対応", "activity_date": "2026-04-22 11:45:00", "subject": "来店ヒアリング・車両確認", "body": "斎藤恵様来店。スバル フォレスターの実車を確認。内装の状態に満足された様子。試乗を実施し、「走りが良い」と好感触。見積書を作成し、総額412万円（税込）で提示。下取り査定も実施。「少し検討したい」とのことで、翌週にご連絡いただく約束。", "created_at": "2026-04-07 21:15:46.102000"}'),
  ('{"activity_id": "ACT0261", "negotiation_id": "N0745", "store_id": "S008", "customer_name": "高木沙織", "assigned_user_name": "藤田康平", "activity_type": "LINE", "activity_date": "2026-03-25 20:15:00", "subject": "LINE：値引き交渉", "body": "高木沙織様よりLINE。「スズキ ジムニーですが、550万円にしてもらえませんか？」との交渉。翌朝店長と相談の上回答する旨返信。競合他社の価格も確認中。", "created_at": "2026-04-07 21:15:46.102000"}'),
  ('{"activity_id": "ACT0262", "negotiation_id": "N0745", "store_id": "S006", "customer_name": "寺田直樹", "assigned_user_name": "中村麻衣", "activity_type": "LINE", "activity_date": "2026-04-27 19:30:00", "subject": "LINE：値引き交渉", "body": "寺田直樹様よりLINE。「日産 ノートですが、336万円にしてもらえませんか？」との交渉。翌朝店長と相談の上回答する旨返信。競合他社の価格も確認中。", "created_at": "2026-04-07 21:15:46.102000"}'),
  ('{"activity_id": "ACT0263", "negotiation_id": "N0745", "store_id": "S008", "customer_name": "小川恵理", "assigned_user_name": "山本直樹", "activity_type": "電話（発信）", "activity_date": "2026-03-24 20:00:00", "subject": "フォローコール", "body": "小川恵理様へ架電。先日ご来店いただいたホンダ フィットのご検討状況を確認。「まだ家族と相談中」とのこと。在庫状況として、同グレードの問合せが増えていることをお伝え。週末までにご回答いただける見込み。", "created_at": "2026-04-07 21:15:46.102000"}'),
  ('{"activity_id": "ACT0264", "negotiation_id": "N0749", "store_id": "S004", "customer_name": "斎藤恵", "assigned_user_name": "鈴木一郎", "activity_type": "メール（送信）", "activity_date": "2026-04-09 15:15:00", "subject": "来店お礼・見積書送付", "body": "斎藤恵様へ来店お礼メール送信。見積書PDF添付。ホンダ ヴェゼルの在庫状況として、同グレードの問合せが増えている旨をお伝え。ご不明点があればいつでもご連絡くださいと添えた。", "created_at": "2026-04-07 21:15:46.102000"}'),
  ('{"activity_id": "ACT0265", "negotiation_id": "N0749", "store_id": "S005", "customer_name": "山本裕子", "assigned_user_name": "松本美咲", "activity_type": "紹介", "activity_date": "2026-04-04 11:15:00", "subject": "既存顧客からの紹介案件", "body": "既存顧客からの紹介で山本裕子様の情報を受領。ホンダ ヴェゼルに興味ありとのこと。架電しアポ調整。紹介元の顧客には紹介謝礼をご案内済み。", "created_at": "2026-04-07 21:15:46.102000"}'),
  ('{"activity_id": "ACT0266", "negotiation_id": "N0749", "store_id": "S010", "customer_name": "上田浩二", "assigned_user_name": "加藤明美", "activity_type": "LINE", "activity_date": "2026-03-13 16:30:00", "subject": "LINE：値引き交渉", "body": "上田浩二様よりLINE。「トヨタ プリウスですが、476万円にしてもらえませんか？」との交渉。翌朝店長と相談の上回答する旨返信。競合他社の価格も確認中。", "created_at": "2026-04-07 21:15:46.102000"}'),
  ('{"activity_id": "ACT0267", "negotiation_id": "N0749", "store_id": "S007", "customer_name": "吉川大輔", "assigned_user_name": "鈴木一郎", "activity_type": "メール（送信）", "activity_date": "2026-03-10 12:00:00", "subject": "来店お礼・見積書送付", "body": "吉川大輔様へ来店お礼メール送信。見積書PDF添付。ホンダ フィットの在庫状況として、同グレードの問合せが増えている旨をお伝え。ご不明点があればいつでもご連絡くださいと添えた。", "created_at": "2026-04-07 21:15:46.102000"}'),
  ('{"activity_id": "ACT0268", "negotiation_id": "N0750", "store_id": "S007", "customer_name": "寺田直樹", "assigned_user_name": "石井由美", "activity_type": "来店対応", "activity_date": "2026-03-29 18:45:00", "subject": "再来店・家族同伴での確認", "body": "寺田直樹様ご家族で再来店。日産 ノートの実車をご家族にも確認いただく。ご家族全員の意見を聞き、荷室の広さや安全装備について詳しく説明。見積りの最終調整を行い、値引き後の価格で合意に近づく。", "created_at": "2026-04-07 21:15:46.102000"}'),
  ('{"activity_id": "ACT0269", "negotiation_id": "N0750", "store_id": "S003", "customer_name": "大谷美咲", "assigned_user_name": "森田沙織", "activity_type": "電話（受信）", "activity_date": "2026-03-30 12:15:00", "subject": "納車後フォロー", "body": "大谷美咲様より入電。先日納車したホンダ ヴェゼルの調子を確認。「快適に乗っています」とのこと。オイル交換の時期についてご質問あり→次回点検時に実施する旨ご案内。知人への紹介もいただける可能性あり。", "created_at": "2026-04-07 21:15:46.102000"}'),
  ('{"activity_id": "ACT0270", "negotiation_id": "N0750", "store_id": "S010", "customer_name": "佐野隆", "assigned_user_name": "加藤明美", "activity_type": "電話（発信）", "activity_date": "2026-03-21 08:00:00", "subject": "在庫入荷のご連絡", "body": "佐野隆様へ架電。以前お探しだったトヨタ ハリアーの新しい在庫が入荷したことをご連絡。走行距離や年式、グレードの詳細をお伝え。「ぜひ見てみたい」とのことで、来店アポを調整。", "created_at": "2026-04-07 21:15:46.102000"}'),
  ('{"activity_id": "ACT0271", "negotiation_id": "N0750", "store_id": "S006", "customer_name": "久保田翔", "assigned_user_name": "松本美咲", "activity_type": "電話（受信）", "activity_date": "2026-04-23 19:45:00", "subject": "初回問合せ：ホンダ ヴェゼルについて", "body": "久保田翔様より入電。Webで掲載中のホンダ ヴェゼルについて問合せ。現在の車からの乗り換えを検討中。予算は172万円前後。通勤と週末の買い物に使用予定。下取りも検討したいとのこと。来店日程を調整し、アポ確定。", "created_at": "2026-04-07 21:15:46.102000"}'),
  ('{"activity_id": "ACT0272", "negotiation_id": "N0755", "store_id": "S007", "customer_name": "河野浩二", "assigned_user_name": "藤田康平", "activity_type": "電話（受信）", "activity_date": "2026-04-09 20:00:00", "subject": "初回問合せ：マツダ CX-5について", "body": "河野浩二様より入電。Webで掲載中のマツダ CX-5について問合せ。現在の車からの乗り換えを検討中。予算は191万円前後。通勤と週末の買い物に使用予定。下取りも検討したいとのこと。来店日程を調整し、アポ確定。", "created_at": "2026-04-07 21:15:46.102000"}'),
  ('{"activity_id": "ACT0273", "negotiation_id": "N0755", "store_id": "S005", "customer_name": "山本裕子", "assigned_user_name": "佐藤花子", "activity_type": "来店対応", "activity_date": "2026-04-15 19:15:00", "subject": "再来店・家族同伴での確認", "body": "山本裕子様ご家族で再来店。スズキ ジムニーの実車をご家族にも確認いただく。ご家族全員の意見を聞き、荷室の広さや安全装備について詳しく説明。見積りの最終調整を行い、値引き後の価格で合意に近づく。", "created_at": "2026-04-07 21:15:46.102000"}'),
  ('{"activity_id": "ACT0274", "negotiation_id": "N0755", "store_id": "S002", "customer_name": "瀬戸浩二", "assigned_user_name": "渡辺美穂", "activity_type": "社内メモ", "activity_date": "2026-03-11 19:15:00", "subject": "商談状況の共有", "body": "瀬戸浩二様のトヨタ ハリアー商談について店長と共有。価格交渉の余地と競合状況を分析。今後のフォロー方針を決定。顧客の温度感は中程度、継続的なフォローが必要と判断。", "created_at": "2026-04-07 21:15:46.102000"}'),
  ('{"activity_id": "ACT0275", "negotiation_id": "N0755", "store_id": "S006", "customer_name": "高田美咲", "assigned_user_name": "藤田康平", "activity_type": "電話（発信）", "activity_date": "2026-04-18 09:45:00", "subject": "フォローコール", "body": "高田美咲様へ架電。先日ご来店いただいたトヨタ アクアのご検討状況を確認。「まだ家族と相談中」とのこと。在庫状況として、同グレードの問合せが増えていることをお伝え。週末までにご回答いただける見込み。", "created_at": "2026-04-07 21:15:46.102000"}'),
  ('{"activity_id": "ACT0276", "negotiation_id": "N0759", "store_id": "S001", "customer_name": "安藤直樹", "assigned_user_name": "小林翔太", "activity_type": "電話（受信）", "activity_date": "2026-04-05 09:15:00", "subject": "納車後フォロー", "body": "安藤直樹様より入電。先日納車したマツダ CX-5の調子を確認。「快適に乗っています」とのこと。オイル交換の時期についてご質問あり→次回点検時に実施する旨ご案内。知人への紹介もいただける可能性あり。", "created_at": "2026-04-07 21:15:46.102000"}'),
  ('{"activity_id": "ACT0277", "negotiation_id": "N0759", "store_id": "S003", "customer_name": "上田浩二", "assigned_user_name": "小林大輔", "activity_type": "社内メモ", "activity_date": "2026-04-11 18:00:00", "subject": "商談状況の共有", "body": "上田浩二様のトヨタ アルファード商談について店長と共有。価格交渉の余地と競合状況を分析。今後のフォロー方針を決定。顧客の温度感は中程度、継続的なフォローが必要と判断。", "created_at": "2026-04-07 21:15:46.102000"}'),
  ('{"activity_id": "ACT0278", "negotiation_id": "N0759", "store_id": "S004", "customer_name": "今井恵子", "assigned_user_name": "佐藤花子", "activity_type": "電話（受信）", "activity_date": "2026-03-15 10:15:00", "subject": "初回問合せ：トヨタ プリウスについて", "body": "今井恵子様より入電。Webで掲載中のトヨタ プリウスについて問合せ。現在の車からの乗り換えを検討中。予算は212万円前後。通勤と週末の買い物に使用予定。下取りも検討したいとのこと。来店日程を調整し、アポ確定。", "created_at": "2026-04-07 21:15:46.102000"}'),
  ('{"activity_id": "ACT0279", "negotiation_id": "N0759", "store_id": "S006", "customer_name": "山本裕子", "assigned_user_name": "井上大輔", "activity_type": "電話（受信）", "activity_date": "2026-04-18 12:45:00", "subject": "納車後フォロー", "body": "山本裕子様より入電。先日納車したマツダ CX-5の調子を確認。「快適に乗っています」とのこと。オイル交換の時期についてご質問あり→次回点検時に実施する旨ご案内。知人への紹介もいただける可能性あり。", "created_at": "2026-04-07 21:15:46.102000"}'),
  ('{"activity_id": "ACT0280", "negotiation_id": "N0760", "store_id": "S007", "customer_name": "久保田翔", "assigned_user_name": "田中太郎", "activity_type": "来店対応", "activity_date": "2026-03-03 11:15:00", "subject": "再来店・家族同伴での確認", "body": "久保田翔様ご家族で再来店。トヨタ プリウスの実車をご家族にも確認いただく。ご家族全員の意見を聞き、荷室の広さや安全装備について詳しく説明。見積りの最終調整を行い、値引き後の価格で合意に近づく。", "created_at": "2026-04-07 21:15:46.102000"}'),
  ('{"activity_id": "ACT0281", "negotiation_id": "N0760", "store_id": "S008", "customer_name": "坂本由美", "assigned_user_name": "石井由美", "activity_type": "LINE", "activity_date": "2026-03-24 16:15:00", "subject": "LINE：値引き交渉", "body": "坂本由美様よりLINE。「トヨタ アクアですが、397万円にしてもらえませんか？」との交渉。翌朝店長と相談の上回答する旨返信。競合他社の価格も確認中。", "created_at": "2026-04-07 21:15:46.102000"}'),
  ('{"activity_id": "ACT0282", "negotiation_id": "N0760", "store_id": "S004", "customer_name": "木下大輔", "assigned_user_name": "鈴木一郎", "activity_type": "契約手続き", "activity_date": "2026-04-05 13:45:00", "subject": "契約完了", "body": "木下大輔様来店、電子売契にて契約完了。スバル フォレスターの総額244万円。支払方法確定。納車予定日を調整。保険の切替についてもご案内済み。236様「対応が丁寧で安心して購入できた」とコメント。", "created_at": "2026-04-07 21:15:46.102000"}'),
  ('{"activity_id": "ACT0283", "negotiation_id": "N0760", "store_id": "S004", "customer_name": "大谷美咲", "assigned_user_name": "小林大輔", "activity_type": "来店対応", "activity_date": "2026-04-27 12:45:00", "subject": "来店ヒアリング・車両確認", "body": "大谷美咲様来店。ホンダ ヴェゼルの実車を確認。内装の状態に満足された様子。試乗を実施し、「走りが良い」と好感触。見積書を作成し、総額200万円（税込）で提示。下取り査定も実施。「少し検討したい」とのことで、翌週にご連絡いただく約束。", "created_at": "2026-04-07 21:15:46.102000"}'),
  ('{"activity_id": "ACT0284", "negotiation_id": "N0761", "store_id": "S005", "customer_name": "岡本沙織", "assigned_user_name": "鈴木一郎", "activity_type": "来店対応", "activity_date": "2026-04-12 16:45:00", "subject": "再来店・家族同伴での確認", "body": "岡本沙織様ご家族で再来店。日産 ノートの実車をご家族にも確認いただく。ご家族全員の意見を聞き、荷室の広さや安全装備について詳しく説明。見積りの最終調整を行い、値引き後の価格で合意に近づく。", "created_at": "2026-04-07 21:15:46.102000"}'),
  ('{"activity_id": "ACT0285", "negotiation_id": "N0761", "store_id": "S003", "customer_name": "上田浩二", "assigned_user_name": "佐藤花子", "activity_type": "メール（送信）", "activity_date": "2026-04-17 11:15:00", "subject": "来店お礼・見積書送付", "body": "上田浩二様へ来店お礼メール送信。見積書PDF添付。マツダ CX-5の在庫状況として、同グレードの問合せが増えている旨をお伝え。ご不明点があればいつでもご連絡くださいと添えた。", "created_at": "2026-04-07 21:15:46.102000"}'),
  ('{"activity_id": "ACT0286", "negotiation_id": "N0761", "store_id": "S010", "customer_name": "中島翔太", "assigned_user_name": "山本直樹", "activity_type": "紹介", "activity_date": "2026-03-24 15:00:00", "subject": "既存顧客からの紹介案件", "body": "既存顧客からの紹介で中島翔太様の情報を受領。スバル フォレスターに興味ありとのこと。架電しアポ調整。紹介元の顧客には紹介謝礼をご案内済み。", "created_at": "2026-04-07 21:15:46.102000"}'),
  ('{"activity_id": "ACT0287", "negotiation_id": "N0761", "store_id": "S004", "customer_name": "中田裕子", "assigned_user_name": "小林大輔", "activity_type": "来店対応", "activity_date": "2026-03-20 08:15:00", "subject": "再来店・家族同伴での確認", "body": "中田裕子様ご家族で再来店。トヨタ アルファードの実車をご家族にも確認いただく。ご家族全員の意見を聞き、荷室の広さや安全装備について詳しく説明。見積りの最終調整を行い、値引き後の価格で合意に近づく。", "created_at": "2026-04-07 21:15:46.102000"}'),
  ('{"activity_id": "ACT0288", "negotiation_id": "N0763", "store_id": "S004", "customer_name": "藤原康平", "assigned_user_name": "井上大輔", "activity_type": "Web問合せ", "activity_date": "2026-04-08 20:15:00", "subject": "Web問合せ受信：ホンダ ヴェゼル", "body": "藤原康平様よりWebフォーム経由で問合せ。ホンダ ヴェゼルに興味あり。現在の車からの乗り換え検討中。予算は334万円以内。平日夕方か土日の来店希望。翌営業日に電話でフォロー予定。", "created_at": "2026-04-07 21:15:46.102000"}'),
  ('{"activity_id": "ACT0289", "negotiation_id": "N0763", "store_id": "S008", "customer_name": "久保田翔", "assigned_user_name": "加藤明美", "activity_type": "社内メモ", "activity_date": "2026-03-07 08:00:00", "subject": "商談状況の共有", "body": "久保田翔様のトヨタ アルファード商談について店長と共有。価格交渉の余地と競合状況を分析。今後のフォロー方針を決定。顧客の温度感は中程度、継続的なフォローが必要と判断。", "created_at": "2026-04-07 21:15:46.102000"}'),
  ('{"activity_id": "ACT0290", "negotiation_id": "N0763", "store_id": "S001", "customer_name": "坂本由美", "assigned_user_name": "小林大輔", "activity_type": "LINE", "activity_date": "2026-03-25 19:15:00", "subject": "LINE：値引き交渉", "body": "坂本由美様よりLINE。「トヨタ プリウスですが、255万円にしてもらえませんか？」との交渉。翌朝店長と相談の上回答する旨返信。競合他社の価格も確認中。", "created_at": "2026-04-07 21:15:46.102000"}'),
  ('{"activity_id": "ACT0291", "negotiation_id": "N0763", "store_id": "S001", "customer_name": "前田翔太", "assigned_user_name": "山本直樹", "activity_type": "電話（発信）", "activity_date": "2026-04-26 13:00:00", "subject": "フォローコール", "body": "前田翔太様へ架電。先日ご来店いただいたトヨタ アルファードのご検討状況を確認。「まだ家族と相談中」とのこと。在庫状況として、同グレードの問合せが増えていることをお伝え。週末までにご回答いただける見込み。", "created_at": "2026-04-07 21:15:46.102000"}'),
  ('{"activity_id": "ACT0292", "negotiation_id": "N0766", "store_id": "S001", "customer_name": "中島翔太", "assigned_user_name": "佐藤花子", "activity_type": "契約手続き", "activity_date": "2026-03-17 15:15:00", "subject": "契約完了", "body": "中島翔太様来店、電子売契にて契約完了。トヨタ アクアの総額254万円。支払方法確定。納車予定日を調整。保険の切替についてもご案内済み。172様「対応が丁寧で安心して購入できた」とコメント。", "created_at": "2026-04-07 21:15:46.102000"}'),
  ('{"activity_id": "ACT0293", "negotiation_id": "N0766", "store_id": "S001", "customer_name": "今井恵子", "assigned_user_name": "伊藤裕太", "activity_type": "電話（発信）", "activity_date": "2026-04-16 11:45:00", "subject": "フォローコール", "body": "今井恵子様へ架電。先日ご来店いただいたトヨタ プリウスのご検討状況を確認。「まだ家族と相談中」とのこと。在庫状況として、同グレードの問合せが増えていることをお伝え。週末までにご回答いただける見込み。", "created_at": "2026-04-07 21:15:46.102000"}'),
  ('{"activity_id": "ACT0294", "negotiation_id": "N0766", "store_id": "S009", "customer_name": "大西康平", "assigned_user_name": "小林大輔", "activity_type": "LINE", "activity_date": "2026-03-31 09:15:00", "subject": "LINE：値引き交渉", "body": "大西康平様よりLINE。「トヨタ プリウスですが、459万円にしてもらえませんか？」との交渉。翌朝店長と相談の上回答する旨返信。競合他社の価格も確認中。", "created_at": "2026-04-07 21:15:46.102000"}'),
  ('{"activity_id": "ACT0295", "negotiation_id": "N0766", "store_id": "S002", "customer_name": "渡部拓也", "assigned_user_name": "井上大輔", "activity_type": "メール（送信）", "activity_date": "2026-03-28 15:45:00", "subject": "来店お礼・見積書送付", "body": "渡部拓也様へ来店お礼メール送信。見積書PDF添付。トヨタ プリウスの在庫状況として、同グレードの問合せが増えている旨をお伝え。ご不明点があればいつでもご連絡くださいと添えた。", "created_at": "2026-04-07 21:15:46.102000"}'),
  ('{"activity_id": "ACT0296", "negotiation_id": "N0768", "store_id": "S010", "customer_name": "竹内真司", "assigned_user_name": "田中太郎", "activity_type": "電話（受信）", "activity_date": "2026-04-16 15:15:00", "subject": "初回問合せ：ホンダ フィットについて", "body": "竹内真司様より入電。Webで掲載中のホンダ フィットについて問合せ。現在の車からの乗り換えを検討中。予算は463万円前後。通勤と週末の買い物に使用予定。下取りも検討したいとのこと。来店日程を調整し、アポ確定。", "created_at": "2026-04-07 21:15:46.102000"}'),
  ('{"activity_id": "ACT0297", "negotiation_id": "N0768", "store_id": "S005", "customer_name": "高木沙織", "assigned_user_name": "小林大輔", "activity_type": "紹介", "activity_date": "2026-03-29 20:00:00", "subject": "既存顧客からの紹介案件", "body": "既存顧客からの紹介で高木沙織様の情報を受領。トヨタ アルファードに興味ありとのこと。架電しアポ調整。紹介元の顧客には紹介謝礼をご案内済み。", "created_at": "2026-04-07 21:15:46.102000"}'),
  ('{"activity_id": "ACT0298", "negotiation_id": "N0768", "store_id": "S001", "customer_name": "中田裕子", "assigned_user_name": "小林翔太", "activity_type": "来店対応", "activity_date": "2026-04-20 11:00:00", "subject": "再来店・家族同伴での確認", "body": "中田裕子様ご家族で再来店。スズキ ジムニーの実車をご家族にも確認いただく。ご家族全員の意見を聞き、荷室の広さや安全装備について詳しく説明。見積りの最終調整を行い、値引き後の価格で合意に近づく。", "created_at": "2026-04-07 21:15:46.102000"}'),
  ('{"activity_id": "ACT0299", "negotiation_id": "N0768", "store_id": "S006", "customer_name": "寺田直樹", "assigned_user_name": "石井由美", "activity_type": "LINE", "activity_date": "2026-04-04 10:30:00", "subject": "LINEでの問合せ対応", "body": "寺田直樹様よりLINE。「日産 ノートの在庫状況を教えてください」とのメッセージ。在庫写真を送付し、スペックと価格情報をご案内。来店を提案し、アポを調整中。", "created_at": "2026-04-07 21:15:46.102000"}'),
  ('{"activity_id": "ACT0300", "negotiation_id": "N0771", "store_id": "S009", "customer_name": "西村麻衣", "assigned_user_name": "渡辺美穂", "activity_type": "電話（発信）", "activity_date": "2026-03-23 14:15:00", "subject": "在庫入荷のご連絡", "body": "西村麻衣様へ架電。以前お探しだったホンダ ヴェゼルの新しい在庫が入荷したことをご連絡。走行距離や年式、グレードの詳細をお伝え。「ぜひ見てみたい」とのことで、来店アポを調整。", "created_at": "2026-04-07 21:15:46.102000"}');

INSERT INTO IDOM_HANDSON.RAW_DATA.ACTIVITY_LOGS (RAW_DATA)
SELECT PARSE_JSON(column1) FROM VALUES
  ('{"activity_id": "ACT0301", "negotiation_id": "N0771", "store_id": "S007", "customer_name": "前田翔太", "assigned_user_name": "森田沙織", "activity_type": "LINE", "activity_date": "2026-03-10 18:45:00", "subject": "LINE：値引き交渉", "body": "前田翔太様よりLINE。「ホンダ ヴェゼルですが、492万円にしてもらえませんか？」との交渉。翌朝店長と相談の上回答する旨返信。競合他社の価格も確認中。", "created_at": "2026-04-07 21:15:46.102000"}'),
  ('{"activity_id": "ACT0302", "negotiation_id": "N0771", "store_id": "S009", "customer_name": "松田由美子", "assigned_user_name": "石井由美", "activity_type": "来店対応", "activity_date": "2026-03-17 10:30:00", "subject": "再来店・家族同伴での確認", "body": "松田由美子様ご家族で再来店。マツダ CX-5の実車をご家族にも確認いただく。ご家族全員の意見を聞き、荷室の広さや安全装備について詳しく説明。見積りの最終調整を行い、値引き後の価格で合意に近づく。", "created_at": "2026-04-07 21:15:46.102000"}'),
  ('{"activity_id": "ACT0303", "negotiation_id": "N0771", "store_id": "S008", "customer_name": "岡本沙織", "assigned_user_name": "伊藤裕太", "activity_type": "Web問合せ", "activity_date": "2026-04-28 18:15:00", "subject": "Web問合せ受信：トヨタ プリウス", "body": "岡本沙織様よりWebフォーム経由で問合せ。トヨタ プリウスに興味あり。現在の車からの乗り換え検討中。予算は275万円以内。平日夕方か土日の来店希望。翌営業日に電話でフォロー予定。", "created_at": "2026-04-07 21:15:46.102000"}'),
  ('{"activity_id": "ACT0304", "negotiation_id": "N0776", "store_id": "S009", "customer_name": "斎藤恵", "assigned_user_name": "伊藤裕太", "activity_type": "Web問合せ", "activity_date": "2026-04-20 11:45:00", "subject": "Web問合せ受信：スバル フォレスター", "body": "斎藤恵様よりWebフォーム経由で問合せ。スバル フォレスターに興味あり。現在の車からの乗り換え検討中。予算は171万円以内。平日夕方か土日の来店希望。翌営業日に電話でフォロー予定。", "created_at": "2026-04-07 21:15:46.102000"}'),
  ('{"activity_id": "ACT0305", "negotiation_id": "N0776", "store_id": "S007", "customer_name": "上田浩二", "assigned_user_name": "中村麻衣", "activity_type": "電話（発信）", "activity_date": "2026-03-07 17:00:00", "subject": "フォローコール", "body": "上田浩二様へ架電。先日ご来店いただいたスズキ ジムニーのご検討状況を確認。「まだ家族と相談中」とのこと。在庫状況として、同グレードの問合せが増えていることをお伝え。週末までにご回答いただける見込み。", "created_at": "2026-04-07 21:15:46.102000"}'),
  ('{"activity_id": "ACT0306", "negotiation_id": "N0776", "store_id": "S009", "customer_name": "関口由紀", "assigned_user_name": "伊藤裕太", "activity_type": "LINE", "activity_date": "2026-04-20 13:45:00", "subject": "LINEでの問合せ対応", "body": "関口由紀様よりLINE。「トヨタ アルファードの在庫状況を教えてください」とのメッセージ。在庫写真を送付し、スペックと価格情報をご案内。来店を提案し、アポを調整中。", "created_at": "2026-04-07 21:15:46.102000"}'),
  ('{"activity_id": "ACT0307", "negotiation_id": "N0776", "store_id": "S006", "customer_name": "前田翔太", "assigned_user_name": "井上大輔", "activity_type": "電話（発信）", "activity_date": "2026-03-26 11:30:00", "subject": "フォローコール", "body": "前田翔太様へ架電。先日ご来店いただいたスズキ ジムニーのご検討状況を確認。「まだ家族と相談中」とのこと。在庫状況として、同グレードの問合せが増えていることをお伝え。週末までにご回答いただける見込み。", "created_at": "2026-04-07 21:15:46.102000"}'),
  ('{"activity_id": "ACT0308", "negotiation_id": "N0780", "store_id": "S002", "customer_name": "谷口明美", "assigned_user_name": "森田沙織", "activity_type": "電話（発信）", "activity_date": "2026-04-27 20:15:00", "subject": "在庫入荷のご連絡", "body": "谷口明美様へ架電。以前お探しだったトヨタ ハリアーの新しい在庫が入荷したことをご連絡。走行距離や年式、グレードの詳細をお伝え。「ぜひ見てみたい」とのことで、来店アポを調整。", "created_at": "2026-04-07 21:15:46.102000"}'),
  ('{"activity_id": "ACT0309", "negotiation_id": "N0780", "store_id": "S001", "customer_name": "森下真由美", "assigned_user_name": "高橋健一", "activity_type": "電話（発信）", "activity_date": "2026-04-14 12:15:00", "subject": "在庫入荷のご連絡", "body": "森下真由美様へ架電。以前お探しだった日産 ノートの新しい在庫が入荷したことをご連絡。走行距離や年式、グレードの詳細をお伝え。「ぜひ見てみたい」とのことで、来店アポを調整。", "created_at": "2026-04-07 21:15:46.102000"}'),
  ('{"activity_id": "ACT0310", "negotiation_id": "N0780", "store_id": "S007", "customer_name": "中島翔太", "assigned_user_name": "山本直樹", "activity_type": "紹介", "activity_date": "2026-04-30 11:00:00", "subject": "既存顧客からの紹介案件", "body": "既存顧客からの紹介で中島翔太様の情報を受領。スズキ ジムニーに興味ありとのこと。架電しアポ調整。紹介元の顧客には紹介謝礼をご案内済み。", "created_at": "2026-04-07 21:15:46.102000"}'),
  ('{"activity_id": "ACT0311", "negotiation_id": "N0780", "store_id": "S001", "customer_name": "相川健太", "assigned_user_name": "高橋健一", "activity_type": "電話（受信）", "activity_date": "2026-04-19 18:00:00", "subject": "初回問合せ：トヨタ アルファードについて", "body": "相川健太様より入電。Webで掲載中のトヨタ アルファードについて問合せ。現在の車からの乗り換えを検討中。予算は195万円前後。通勤と週末の買い物に使用予定。下取りも検討したいとのこと。来店日程を調整し、アポ確定。", "created_at": "2026-04-07 21:15:46.102000"}'),
  ('{"activity_id": "ACT0312", "negotiation_id": "N0781", "store_id": "S008", "customer_name": "上田浩二", "assigned_user_name": "小林翔太", "activity_type": "LINE", "activity_date": "2026-03-01 19:30:00", "subject": "LINEでの問合せ対応", "body": "上田浩二様よりLINE。「ホンダ ヴェゼルの在庫状況を教えてください」とのメッセージ。在庫写真を送付し、スペックと価格情報をご案内。来店を提案し、アポを調整中。", "created_at": "2026-04-07 21:15:46.102000"}'),
  ('{"activity_id": "ACT0313", "negotiation_id": "N0781", "store_id": "S007", "customer_name": "前田翔太", "assigned_user_name": "山本直樹", "activity_type": "Web問合せ", "activity_date": "2026-04-07 15:00:00", "subject": "Web問合せ受信：ホンダ フィット", "body": "前田翔太様よりWebフォーム経由で問合せ。ホンダ フィットに興味あり。現在の車からの乗り換え検討中。予算は319万円以内。平日夕方か土日の来店希望。翌営業日に電話でフォロー予定。", "created_at": "2026-04-07 21:15:46.102000"}'),
  ('{"activity_id": "ACT0314", "negotiation_id": "N0781", "store_id": "S008", "customer_name": "竹内真司", "assigned_user_name": "松本美咲", "activity_type": "来店対応", "activity_date": "2026-03-17 19:45:00", "subject": "再来店・家族同伴での確認", "body": "竹内真司様ご家族で再来店。ホンダ ヴェゼルの実車をご家族にも確認いただく。ご家族全員の意見を聞き、荷室の広さや安全装備について詳しく説明。見積りの最終調整を行い、値引き後の価格で合意に近づく。", "created_at": "2026-04-07 21:15:46.102000"}'),
  ('{"activity_id": "ACT0315", "negotiation_id": "N0781", "store_id": "S007", "customer_name": "西村麻衣", "assigned_user_name": "高橋健一", "activity_type": "紹介", "activity_date": "2026-04-09 13:45:00", "subject": "既存顧客からの紹介案件", "body": "既存顧客からの紹介で西村麻衣様の情報を受領。マツダ CX-5に興味ありとのこと。架電しアポ調整。紹介元の顧客には紹介謝礼をご案内済み。", "created_at": "2026-04-07 21:15:46.102000"}'),
  ('{"activity_id": "ACT0316", "negotiation_id": "N0782", "store_id": "S001", "customer_name": "藤原康平", "assigned_user_name": "田中太郎", "activity_type": "契約手続き", "activity_date": "2026-03-06 09:15:00", "subject": "契約完了", "body": "藤原康平様来店、電子売契にて契約完了。日産 ノートの総額229万円。支払方法確定。納車予定日を調整。保険の切替についてもご案内済み。378様「対応が丁寧で安心して購入できた」とコメント。", "created_at": "2026-04-07 21:15:46.102000"}'),
  ('{"activity_id": "ACT0317", "negotiation_id": "N0782", "store_id": "S002", "customer_name": "佐野隆", "assigned_user_name": "井上大輔", "activity_type": "電話（発信）", "activity_date": "2026-03-31 08:30:00", "subject": "在庫入荷のご連絡", "body": "佐野隆様へ架電。以前お探しだったホンダ ヴェゼルの新しい在庫が入荷したことをご連絡。走行距離や年式、グレードの詳細をお伝え。「ぜひ見てみたい」とのことで、来店アポを調整。", "created_at": "2026-04-07 21:15:46.102000"}'),
  ('{"activity_id": "ACT0318", "negotiation_id": "N0782", "store_id": "S009", "customer_name": "岡本沙織", "assigned_user_name": "山本直樹", "activity_type": "LINE", "activity_date": "2026-03-01 18:15:00", "subject": "LINEでの問合せ対応", "body": "岡本沙織様よりLINE。「スバル フォレスターの在庫状況を教えてください」とのメッセージ。在庫写真を送付し、スペックと価格情報をご案内。来店を提案し、アポを調整中。", "created_at": "2026-04-07 21:15:46.102000"}'),
  ('{"activity_id": "ACT0319", "negotiation_id": "N0782", "store_id": "S001", "customer_name": "森下真由美", "assigned_user_name": "森田沙織", "activity_type": "LINE", "activity_date": "2026-03-30 12:45:00", "subject": "LINE：値引き交渉", "body": "森下真由美様よりLINE。「トヨタ アクアですが、357万円にしてもらえませんか？」との交渉。翌朝店長と相談の上回答する旨返信。競合他社の価格も確認中。", "created_at": "2026-04-07 21:15:46.102000"}'),
  ('{"activity_id": "ACT0320", "negotiation_id": "N0787", "store_id": "S001", "customer_name": "青木翔", "assigned_user_name": "高橋健一", "activity_type": "来店対応", "activity_date": "2026-04-27 15:30:00", "subject": "再来店・家族同伴での確認", "body": "青木翔様ご家族で再来店。スズキ ジムニーの実車をご家族にも確認いただく。ご家族全員の意見を聞き、荷室の広さや安全装備について詳しく説明。見積りの最終調整を行い、値引き後の価格で合意に近づく。", "created_at": "2026-04-07 21:15:46.102000"}'),
  ('{"activity_id": "ACT0321", "negotiation_id": "N0787", "store_id": "S001", "customer_name": "相川健太", "assigned_user_name": "藤田康平", "activity_type": "来店対応", "activity_date": "2026-03-10 09:15:00", "subject": "来店ヒアリング・車両確認", "body": "相川健太様来店。マツダ CX-5の実車を確認。内装の状態に満足された様子。試乗を実施し、「走りが良い」と好感触。見積書を作成し、総額156万円（税込）で提示。下取り査定も実施。「少し検討したい」とのことで、翌週にご連絡いただく約束。", "created_at": "2026-04-07 21:15:46.102000"}'),
  ('{"activity_id": "ACT0322", "negotiation_id": "N0787", "store_id": "S008", "customer_name": "片桐美咲", "assigned_user_name": "鈴木一郎", "activity_type": "社内メモ", "activity_date": "2026-04-21 18:15:00", "subject": "商談状況の共有", "body": "片桐美咲様のマツダ CX-5商談について店長と共有。価格交渉の余地と競合状況を分析。今後のフォロー方針を決定。顧客の温度感は中程度、継続的なフォローが必要と判断。", "created_at": "2026-04-07 21:15:46.102000"}'),
  ('{"activity_id": "ACT0323", "negotiation_id": "N0787", "store_id": "S007", "customer_name": "竹内真司", "assigned_user_name": "加藤明美", "activity_type": "紹介", "activity_date": "2026-04-25 18:45:00", "subject": "既存顧客からの紹介案件", "body": "既存顧客からの紹介で竹内真司様の情報を受領。トヨタ ハリアーに興味ありとのこと。架電しアポ調整。紹介元の顧客には紹介謝礼をご案内済み。", "created_at": "2026-04-07 21:15:46.102000"}'),
  ('{"activity_id": "ACT0324", "negotiation_id": "N0789", "store_id": "S008", "customer_name": "星野沙織", "assigned_user_name": "高橋健一", "activity_type": "電話（発信）", "activity_date": "2026-03-09 19:00:00", "subject": "在庫入荷のご連絡", "body": "星野沙織様へ架電。以前お探しだったトヨタ アクアの新しい在庫が入荷したことをご連絡。走行距離や年式、グレードの詳細をお伝え。「ぜひ見てみたい」とのことで、来店アポを調整。", "created_at": "2026-04-07 21:15:46.102000"}'),
  ('{"activity_id": "ACT0325", "negotiation_id": "N0789", "store_id": "S008", "customer_name": "前田翔太", "assigned_user_name": "小林翔太", "activity_type": "社内メモ", "activity_date": "2026-04-27 19:30:00", "subject": "商談状況の共有", "body": "前田翔太様のトヨタ プリウス商談について店長と共有。価格交渉の余地と競合状況を分析。今後のフォロー方針を決定。顧客の温度感は中程度、継続的なフォローが必要と判断。", "created_at": "2026-04-07 21:15:46.102000"}'),
  ('{"activity_id": "ACT0326", "negotiation_id": "N0789", "store_id": "S009", "customer_name": "清水拓也", "assigned_user_name": "小林翔太", "activity_type": "来店対応", "activity_date": "2026-03-28 16:45:00", "subject": "再来店・家族同伴での確認", "body": "清水拓也様ご家族で再来店。日産 ノートの実車をご家族にも確認いただく。ご家族全員の意見を聞き、荷室の広さや安全装備について詳しく説明。見積りの最終調整を行い、値引き後の価格で合意に近づく。", "created_at": "2026-04-07 21:15:46.102000"}'),
  ('{"activity_id": "ACT0327", "negotiation_id": "N0789", "store_id": "S002", "customer_name": "寺田直樹", "assigned_user_name": "小林大輔", "activity_type": "電話（発信）", "activity_date": "2026-04-02 11:15:00", "subject": "フォローコール", "body": "寺田直樹様へ架電。先日ご来店いただいたホンダ ヴェゼルのご検討状況を確認。「まだ家族と相談中」とのこと。在庫状況として、同グレードの問合せが増えていることをお伝え。週末までにご回答いただける見込み。", "created_at": "2026-04-07 21:15:46.102000"}'),
  ('{"activity_id": "ACT0328", "negotiation_id": "N0790", "store_id": "S003", "customer_name": "寺田直樹", "assigned_user_name": "伊藤裕太", "activity_type": "電話（受信）", "activity_date": "2026-04-04 13:30:00", "subject": "初回問合せ：トヨタ アルファードについて", "body": "寺田直樹様より入電。Webで掲載中のトヨタ アルファードについて問合せ。現在の車からの乗り換えを検討中。予算は328万円前後。通勤と週末の買い物に使用予定。下取りも検討したいとのこと。来店日程を調整し、アポ確定。", "created_at": "2026-04-07 21:15:46.102000"}'),
  ('{"activity_id": "ACT0329", "negotiation_id": "N0790", "store_id": "S002", "customer_name": "関口由紀", "assigned_user_name": "伊藤裕太", "activity_type": "社内メモ", "activity_date": "2026-04-05 08:15:00", "subject": "商談状況の共有", "body": "関口由紀様のスバル フォレスター商談について店長と共有。価格交渉の余地と競合状況を分析。今後のフォロー方針を決定。顧客の温度感は中程度、継続的なフォローが必要と判断。", "created_at": "2026-04-07 21:15:46.102000"}'),
  ('{"activity_id": "ACT0330", "negotiation_id": "N0790", "store_id": "S003", "customer_name": "中島翔太", "assigned_user_name": "渡辺美穂", "activity_type": "メール（送信）", "activity_date": "2026-03-04 16:00:00", "subject": "来店お礼・見積書送付", "body": "中島翔太様へ来店お礼メール送信。見積書PDF添付。マツダ CX-5の在庫状況として、同グレードの問合せが増えている旨をお伝え。ご不明点があればいつでもご連絡くださいと添えた。", "created_at": "2026-04-07 21:15:46.102000"}'),
  ('{"activity_id": "ACT0331", "negotiation_id": "N0790", "store_id": "S009", "customer_name": "関口由紀", "assigned_user_name": "小林大輔", "activity_type": "電話（発信）", "activity_date": "2026-03-20 20:15:00", "subject": "フォローコール", "body": "関口由紀様へ架電。先日ご来店いただいたスバル フォレスターのご検討状況を確認。「まだ家族と相談中」とのこと。在庫状況として、同グレードの問合せが増えていることをお伝え。週末までにご回答いただける見込み。", "created_at": "2026-04-07 21:15:46.102000"}'),
  ('{"activity_id": "ACT0332", "negotiation_id": "N0793", "store_id": "S008", "customer_name": "池田真由美", "assigned_user_name": "山本直樹", "activity_type": "メール（送信）", "activity_date": "2026-03-14 09:15:00", "subject": "来店お礼・見積書送付", "body": "池田真由美様へ来店お礼メール送信。見積書PDF添付。日産 ノートの在庫状況として、同グレードの問合せが増えている旨をお伝え。ご不明点があればいつでもご連絡くださいと添えた。", "created_at": "2026-04-07 21:15:46.102000"}'),
  ('{"activity_id": "ACT0333", "negotiation_id": "N0793", "store_id": "S009", "customer_name": "斎藤恵", "assigned_user_name": "田中太郎", "activity_type": "契約手続き", "activity_date": "2026-04-24 16:15:00", "subject": "契約完了", "body": "斎藤恵様来店、電子売契にて契約完了。トヨタ ハリアーの総額441万円。支払方法確定。納車予定日を調整。保険の切替についてもご案内済み。165様「対応が丁寧で安心して購入できた」とコメント。", "created_at": "2026-04-07 21:15:46.102000"}'),
  ('{"activity_id": "ACT0334", "negotiation_id": "N0793", "store_id": "S002", "customer_name": "今井恵子", "assigned_user_name": "中村麻衣", "activity_type": "紹介", "activity_date": "2026-03-16 18:45:00", "subject": "既存顧客からの紹介案件", "body": "既存顧客からの紹介で今井恵子様の情報を受領。トヨタ アクアに興味ありとのこと。架電しアポ調整。紹介元の顧客には紹介謝礼をご案内済み。", "created_at": "2026-04-07 21:15:46.102000"}'),
  ('{"activity_id": "ACT0335", "negotiation_id": "N0793", "store_id": "S006", "customer_name": "谷口明美", "assigned_user_name": "小林大輔", "activity_type": "来店対応", "activity_date": "2026-03-28 08:30:00", "subject": "再来店・家族同伴での確認", "body": "谷口明美様ご家族で再来店。マツダ CX-5の実車をご家族にも確認いただく。ご家族全員の意見を聞き、荷室の広さや安全装備について詳しく説明。見積りの最終調整を行い、値引き後の価格で合意に近づく。", "created_at": "2026-04-07 21:15:46.102000"}'),
  ('{"activity_id": "ACT0336", "negotiation_id": "N0797", "store_id": "S004", "customer_name": "関口由紀", "assigned_user_name": "石井由美", "activity_type": "電話（受信）", "activity_date": "2026-04-23 11:15:00", "subject": "初回問合せ：マツダ CX-5について", "body": "関口由紀様より入電。Webで掲載中のマツダ CX-5について問合せ。現在の車からの乗り換えを検討中。予算は330万円前後。通勤と週末の買い物に使用予定。下取りも検討したいとのこと。来店日程を調整し、アポ確定。", "created_at": "2026-04-07 21:15:46.102000"}'),
  ('{"activity_id": "ACT0337", "negotiation_id": "N0797", "store_id": "S010", "customer_name": "森下真由美", "assigned_user_name": "小林翔太", "activity_type": "社内メモ", "activity_date": "2026-04-03 12:45:00", "subject": "商談状況の共有", "body": "森下真由美様のトヨタ ハリアー商談について店長と共有。価格交渉の余地と競合状況を分析。今後のフォロー方針を決定。顧客の温度感は中程度、継続的なフォローが必要と判断。", "created_at": "2026-04-07 21:15:46.102000"}'),
  ('{"activity_id": "ACT0338", "negotiation_id": "N0797", "store_id": "S002", "customer_name": "吉川大輔", "assigned_user_name": "鈴木一郎", "activity_type": "紹介", "activity_date": "2026-03-06 19:15:00", "subject": "既存顧客からの紹介案件", "body": "既存顧客からの紹介で吉川大輔様の情報を受領。マツダ CX-5に興味ありとのこと。架電しアポ調整。紹介元の顧客には紹介謝礼をご案内済み。", "created_at": "2026-04-07 21:15:46.102000"}'),
  ('{"activity_id": "ACT0339", "negotiation_id": "N0797", "store_id": "S001", "customer_name": "前田翔太", "assigned_user_name": "小林大輔", "activity_type": "紹介", "activity_date": "2026-04-11 20:30:00", "subject": "既存顧客からの紹介案件", "body": "既存顧客からの紹介で前田翔太様の情報を受領。マツダ CX-5に興味ありとのこと。架電しアポ調整。紹介元の顧客には紹介謝礼をご案内済み。", "created_at": "2026-04-07 21:15:46.102000"}'),
  ('{"activity_id": "ACT0340", "negotiation_id": "N0800", "store_id": "S010", "customer_name": "山本裕子", "assigned_user_name": "加藤明美", "activity_type": "電話（受信）", "activity_date": "2026-03-25 20:15:00", "subject": "納車後フォロー", "body": "山本裕子様より入電。先日納車した日産 ノートの調子を確認。「快適に乗っています」とのこと。オイル交換の時期についてご質問あり→次回点検時に実施する旨ご案内。知人への紹介もいただける可能性あり。", "created_at": "2026-04-07 21:15:46.102000"}'),
  ('{"activity_id": "ACT0341", "negotiation_id": "N0800", "store_id": "S006", "customer_name": "寺田直樹", "assigned_user_name": "松本美咲", "activity_type": "社内メモ", "activity_date": "2026-04-09 18:00:00", "subject": "商談状況の共有", "body": "寺田直樹様のホンダ ヴェゼル商談について店長と共有。価格交渉の余地と競合状況を分析。今後のフォロー方針を決定。顧客の温度感は中程度、継続的なフォローが必要と判断。", "created_at": "2026-04-07 21:15:46.102000"}'),
  ('{"activity_id": "ACT0342", "negotiation_id": "N0800", "store_id": "S005", "customer_name": "大西康平", "assigned_user_name": "加藤明美", "activity_type": "LINE", "activity_date": "2026-03-21 13:15:00", "subject": "LINEでの問合せ対応", "body": "大西康平様よりLINE。「スバル フォレスターの在庫状況を教えてください」とのメッセージ。在庫写真を送付し、スペックと価格情報をご案内。来店を提案し、アポを調整中。", "created_at": "2026-04-07 21:15:46.102000"}'),
  ('{"activity_id": "ACT0343", "negotiation_id": "N0800", "store_id": "S004", "customer_name": "高田美咲", "assigned_user_name": "加藤明美", "activity_type": "LINE", "activity_date": "2026-04-03 18:45:00", "subject": "LINE：値引き交渉", "body": "高田美咲様よりLINE。「トヨタ アルファードですが、522万円にしてもらえませんか？」との交渉。翌朝店長と相談の上回答する旨返信。競合他社の価格も確認中。", "created_at": "2026-04-07 21:15:46.102000"}'),
  ('{"activity_id": "ACT0344", "negotiation_id": "N0803", "store_id": "S010", "customer_name": "吉川大輔", "assigned_user_name": "山本直樹", "activity_type": "LINE", "activity_date": "2026-04-21 20:30:00", "subject": "LINEでの問合せ対応", "body": "吉川大輔様よりLINE。「スバル フォレスターの在庫状況を教えてください」とのメッセージ。在庫写真を送付し、スペックと価格情報をご案内。来店を提案し、アポを調整中。", "created_at": "2026-04-07 21:15:46.102000"}'),
  ('{"activity_id": "ACT0345", "negotiation_id": "N0803", "store_id": "S006", "customer_name": "西村麻衣", "assigned_user_name": "藤田康平", "activity_type": "メール（送信）", "activity_date": "2026-04-07 16:15:00", "subject": "来店お礼・見積書送付", "body": "西村麻衣様へ来店お礼メール送信。見積書PDF添付。トヨタ アルファードの在庫状況として、同グレードの問合せが増えている旨をお伝え。ご不明点があればいつでもご連絡くださいと添えた。", "created_at": "2026-04-07 21:15:46.102000"}'),
  ('{"activity_id": "ACT0346", "negotiation_id": "N0803", "store_id": "S005", "customer_name": "斎藤恵", "assigned_user_name": "中村恵子", "activity_type": "電話（発信）", "activity_date": "2026-04-10 13:15:00", "subject": "フォローコール", "body": "斎藤恵様へ架電。先日ご来店いただいたトヨタ アルファードのご検討状況を確認。「まだ家族と相談中」とのこと。在庫状況として、同グレードの問合せが増えていることをお伝え。週末までにご回答いただける見込み。", "created_at": "2026-04-07 21:15:46.102000"}'),
  ('{"activity_id": "ACT0347", "negotiation_id": "N0803", "store_id": "S008", "customer_name": "前田翔太", "assigned_user_name": "中村恵子", "activity_type": "来店対応", "activity_date": "2026-03-18 17:45:00", "subject": "再来店・家族同伴での確認", "body": "前田翔太様ご家族で再来店。マツダ CX-5の実車をご家族にも確認いただく。ご家族全員の意見を聞き、荷室の広さや安全装備について詳しく説明。見積りの最終調整を行い、値引き後の価格で合意に近づく。", "created_at": "2026-04-07 21:15:46.102000"}'),
  ('{"activity_id": "ACT0348", "negotiation_id": "N0808", "store_id": "S003", "customer_name": "青木翔", "assigned_user_name": "田中太郎", "activity_type": "Web問合せ", "activity_date": "2026-04-22 16:45:00", "subject": "Web問合せ受信：ホンダ フィット", "body": "青木翔様よりWebフォーム経由で問合せ。ホンダ フィットに興味あり。現在の車からの乗り換え検討中。予算は163万円以内。平日夕方か土日の来店希望。翌営業日に電話でフォロー予定。", "created_at": "2026-04-07 21:15:46.102000"}'),
  ('{"activity_id": "ACT0349", "negotiation_id": "N0808", "store_id": "S002", "customer_name": "遠藤裕子", "assigned_user_name": "小林大輔", "activity_type": "電話（受信）", "activity_date": "2026-04-07 12:45:00", "subject": "初回問合せ：日産 ノートについて", "body": "遠藤裕子様より入電。Webで掲載中の日産 ノートについて問合せ。現在の車からの乗り換えを検討中。予算は332万円前後。通勤と週末の買い物に使用予定。下取りも検討したいとのこと。来店日程を調整し、アポ確定。", "created_at": "2026-04-07 21:15:46.102000"}'),
  ('{"activity_id": "ACT0350", "negotiation_id": "N0808", "store_id": "S005", "customer_name": "杉山恵子", "assigned_user_name": "小林翔太", "activity_type": "メール（送信）", "activity_date": "2026-03-31 14:45:00", "subject": "来店お礼・見積書送付", "body": "杉山恵子様へ来店お礼メール送信。見積書PDF添付。日産 ノートの在庫状況として、同グレードの問合せが増えている旨をお伝え。ご不明点があればいつでもご連絡くださいと添えた。", "created_at": "2026-04-07 21:15:46.102000"}');

INSERT INTO IDOM_HANDSON.RAW_DATA.ACTIVITY_LOGS (RAW_DATA)
SELECT PARSE_JSON(column1) FROM VALUES
  ('{"activity_id": "ACT0351", "negotiation_id": "N0808", "store_id": "S002", "customer_name": "黒田麻衣", "assigned_user_name": "伊藤裕太", "activity_type": "Web問合せ", "activity_date": "2026-04-21 08:00:00", "subject": "Web問合せ受信：トヨタ アクア", "body": "黒田麻衣様よりWebフォーム経由で問合せ。トヨタ アクアに興味あり。現在の車からの乗り換え検討中。予算は285万円以内。平日夕方か土日の来店希望。翌営業日に電話でフォロー予定。", "created_at": "2026-04-07 21:15:46.102000"}'),
  ('{"activity_id": "ACT0352", "negotiation_id": "N0809", "store_id": "S002", "customer_name": "久保田翔", "assigned_user_name": "小林大輔", "activity_type": "LINE", "activity_date": "2026-04-29 19:45:00", "subject": "LINEでの問合せ対応", "body": "久保田翔様よりLINE。「トヨタ ハリアーの在庫状況を教えてください」とのメッセージ。在庫写真を送付し、スペックと価格情報をご案内。来店を提案し、アポを調整中。", "created_at": "2026-04-07 21:15:46.102000"}'),
  ('{"activity_id": "ACT0353", "negotiation_id": "N0809", "store_id": "S001", "customer_name": "関口由紀", "assigned_user_name": "佐藤花子", "activity_type": "メール（送信）", "activity_date": "2026-04-09 19:30:00", "subject": "来店お礼・見積書送付", "body": "関口由紀様へ来店お礼メール送信。見積書PDF添付。トヨタ プリウスの在庫状況として、同グレードの問合せが増えている旨をお伝え。ご不明点があればいつでもご連絡くださいと添えた。", "created_at": "2026-04-07 21:15:46.102000"}'),
  ('{"activity_id": "ACT0354", "negotiation_id": "N0809", "store_id": "S007", "customer_name": "片桐美咲", "assigned_user_name": "中村恵子", "activity_type": "LINE", "activity_date": "2026-04-06 20:30:00", "subject": "LINEでの問合せ対応", "body": "片桐美咲様よりLINE。「トヨタ アルファードの在庫状況を教えてください」とのメッセージ。在庫写真を送付し、スペックと価格情報をご案内。来店を提案し、アポを調整中。", "created_at": "2026-04-07 21:15:46.102000"}'),
  ('{"activity_id": "ACT0355", "negotiation_id": "N0809", "store_id": "S006", "customer_name": "片桐美咲", "assigned_user_name": "渡辺美穂", "activity_type": "電話（受信）", "activity_date": "2026-03-21 20:15:00", "subject": "納車後フォロー", "body": "片桐美咲様より入電。先日納車したトヨタ プリウスの調子を確認。「快適に乗っています」とのこと。オイル交換の時期についてご質問あり→次回点検時に実施する旨ご案内。知人への紹介もいただける可能性あり。", "created_at": "2026-04-07 21:15:46.102000"}'),
  ('{"activity_id": "ACT0356", "negotiation_id": "N0811", "store_id": "S007", "customer_name": "池田真由美", "assigned_user_name": "鈴木一郎", "activity_type": "紹介", "activity_date": "2026-04-17 17:30:00", "subject": "既存顧客からの紹介案件", "body": "既存顧客からの紹介で池田真由美様の情報を受領。トヨタ ハリアーに興味ありとのこと。架電しアポ調整。紹介元の顧客には紹介謝礼をご案内済み。", "created_at": "2026-04-07 21:15:46.102000"}'),
  ('{"activity_id": "ACT0357", "negotiation_id": "N0811", "store_id": "S008", "customer_name": "上田浩二", "assigned_user_name": "高橋健一", "activity_type": "紹介", "activity_date": "2026-03-15 11:45:00", "subject": "既存顧客からの紹介案件", "body": "既存顧客からの紹介で上田浩二様の情報を受領。トヨタ アルファードに興味ありとのこと。架電しアポ調整。紹介元の顧客には紹介謝礼をご案内済み。", "created_at": "2026-04-07 21:15:46.102000"}'),
  ('{"activity_id": "ACT0358", "negotiation_id": "N0811", "store_id": "S003", "customer_name": "野村康平", "assigned_user_name": "中村恵子", "activity_type": "LINE", "activity_date": "2026-03-16 18:30:00", "subject": "LINE：値引き交渉", "body": "野村康平様よりLINE。「ホンダ フィットですが、154万円にしてもらえませんか？」との交渉。翌朝店長と相談の上回答する旨返信。競合他社の価格も確認中。", "created_at": "2026-04-07 21:15:46.102000"}'),
  ('{"activity_id": "ACT0359", "negotiation_id": "N0811", "store_id": "S010", "customer_name": "大谷美咲", "assigned_user_name": "井上大輔", "activity_type": "契約手続き", "activity_date": "2026-03-07 09:45:00", "subject": "契約完了", "body": "大谷美咲様来店、電子売契にて契約完了。日産 ノートの総額209万円。支払方法確定。納車予定日を調整。保険の切替についてもご案内済み。218様「対応が丁寧で安心して購入できた」とコメント。", "created_at": "2026-04-07 21:15:46.102000"}'),
  ('{"activity_id": "ACT0360", "negotiation_id": "N0815", "store_id": "S003", "customer_name": "小川恵理", "assigned_user_name": "井上大輔", "activity_type": "社内メモ", "activity_date": "2026-03-18 11:45:00", "subject": "商談状況の共有", "body": "小川恵理様のトヨタ プリウス商談について店長と共有。価格交渉の余地と競合状況を分析。今後のフォロー方針を決定。顧客の温度感は中程度、継続的なフォローが必要と判断。", "created_at": "2026-04-07 21:15:46.102000"}'),
  ('{"activity_id": "ACT0361", "negotiation_id": "N0815", "store_id": "S009", "customer_name": "石井健一", "assigned_user_name": "藤田康平", "activity_type": "契約手続き", "activity_date": "2026-04-09 14:45:00", "subject": "契約完了", "body": "石井健一様来店、電子売契にて契約完了。トヨタ プリウスの総額355万円。支払方法確定。納車予定日を調整。保険の切替についてもご案内済み。359様「対応が丁寧で安心して購入できた」とコメント。", "created_at": "2026-04-07 21:15:46.102000"}'),
  ('{"activity_id": "ACT0362", "negotiation_id": "N0815", "store_id": "S004", "customer_name": "前田翔太", "assigned_user_name": "渡辺美穂", "activity_type": "LINE", "activity_date": "2026-04-14 18:45:00", "subject": "LINE：値引き交渉", "body": "前田翔太様よりLINE。「トヨタ アクアですが、407万円にしてもらえませんか？」との交渉。翌朝店長と相談の上回答する旨返信。競合他社の価格も確認中。", "created_at": "2026-04-07 21:15:46.102000"}'),
  ('{"activity_id": "ACT0363", "negotiation_id": "N0815", "store_id": "S007", "customer_name": "池田真由美", "assigned_user_name": "山本直樹", "activity_type": "来店対応", "activity_date": "2026-03-18 11:30:00", "subject": "来店ヒアリング・車両確認", "body": "池田真由美様来店。ホンダ ヴェゼルの実車を確認。内装の状態に満足された様子。試乗を実施し、「走りが良い」と好感触。見積書を作成し、総額280万円（税込）で提示。下取り査定も実施。「少し検討したい」とのことで、翌週にご連絡いただく約束。", "created_at": "2026-04-07 21:15:46.102000"}'),
  ('{"activity_id": "ACT0364", "negotiation_id": "N0817", "store_id": "S010", "customer_name": "今井恵子", "assigned_user_name": "鈴木一郎", "activity_type": "契約手続き", "activity_date": "2026-04-14 09:45:00", "subject": "契約完了", "body": "今井恵子様来店、電子売契にて契約完了。スバル フォレスターの総額224万円。支払方法確定。納車予定日を調整。保険の切替についてもご案内済み。430様「対応が丁寧で安心して購入できた」とコメント。", "created_at": "2026-04-07 21:15:46.102000"}'),
  ('{"activity_id": "ACT0365", "negotiation_id": "N0817", "store_id": "S001", "customer_name": "小川恵理", "assigned_user_name": "石井由美", "activity_type": "電話（発信）", "activity_date": "2026-04-01 14:45:00", "subject": "在庫入荷のご連絡", "body": "小川恵理様へ架電。以前お探しだったホンダ ヴェゼルの新しい在庫が入荷したことをご連絡。走行距離や年式、グレードの詳細をお伝え。「ぜひ見てみたい」とのことで、来店アポを調整。", "created_at": "2026-04-07 21:15:46.102000"}'),
  ('{"activity_id": "ACT0366", "negotiation_id": "N0817", "store_id": "S002", "customer_name": "吉川大輔", "assigned_user_name": "小林大輔", "activity_type": "契約手続き", "activity_date": "2026-03-24 12:45:00", "subject": "契約完了", "body": "吉川大輔様来店、電子売契にて契約完了。ホンダ ヴェゼルの総額217万円。支払方法確定。納車予定日を調整。保険の切替についてもご案内済み。237様「対応が丁寧で安心して購入できた」とコメント。", "created_at": "2026-04-07 21:15:46.102000"}'),
  ('{"activity_id": "ACT0367", "negotiation_id": "N0817", "store_id": "S003", "customer_name": "谷口明美", "assigned_user_name": "中村麻衣", "activity_type": "来店対応", "activity_date": "2026-03-13 08:45:00", "subject": "来店ヒアリング・車両確認", "body": "谷口明美様来店。スバル フォレスターの実車を確認。内装の状態に満足された様子。試乗を実施し、「走りが良い」と好感触。見積書を作成し、総額371万円（税込）で提示。下取り査定も実施。「少し検討したい」とのことで、翌週にご連絡いただく約束。", "created_at": "2026-04-07 21:15:46.102000"}'),
  ('{"activity_id": "ACT0368", "negotiation_id": "N0820", "store_id": "S004", "customer_name": "寺田直樹", "assigned_user_name": "伊藤裕太", "activity_type": "電話（受信）", "activity_date": "2026-04-05 08:30:00", "subject": "初回問合せ：トヨタ アクアについて", "body": "寺田直樹様より入電。Webで掲載中のトヨタ アクアについて問合せ。現在の車からの乗り換えを検討中。予算は415万円前後。通勤と週末の買い物に使用予定。下取りも検討したいとのこと。来店日程を調整し、アポ確定。", "created_at": "2026-04-07 21:15:46.102000"}'),
  ('{"activity_id": "ACT0369", "negotiation_id": "N0820", "store_id": "S009", "customer_name": "青木翔", "assigned_user_name": "森田沙織", "activity_type": "電話（発信）", "activity_date": "2026-04-24 14:30:00", "subject": "フォローコール", "body": "青木翔様へ架電。先日ご来店いただいたトヨタ ハリアーのご検討状況を確認。「まだ家族と相談中」とのこと。在庫状況として、同グレードの問合せが増えていることをお伝え。週末までにご回答いただける見込み。", "created_at": "2026-04-07 21:15:46.102000"}'),
  ('{"activity_id": "ACT0370", "negotiation_id": "N0820", "store_id": "S004", "customer_name": "松田由美子", "assigned_user_name": "加藤明美", "activity_type": "来店対応", "activity_date": "2026-03-15 09:00:00", "subject": "来店ヒアリング・車両確認", "body": "松田由美子様来店。トヨタ ハリアーの実車を確認。内装の状態に満足された様子。試乗を実施し、「走りが良い」と好感触。見積書を作成し、総額366万円（税込）で提示。下取り査定も実施。「少し検討したい」とのことで、翌週にご連絡いただく約束。", "created_at": "2026-04-07 21:15:46.102000"}'),
  ('{"activity_id": "ACT0371", "negotiation_id": "N0820", "store_id": "S003", "customer_name": "相川健太", "assigned_user_name": "松本美咲", "activity_type": "LINE", "activity_date": "2026-03-02 20:15:00", "subject": "LINE：値引き交渉", "body": "相川健太様よりLINE。「マツダ CX-5ですが、185万円にしてもらえませんか？」との交渉。翌朝店長と相談の上回答する旨返信。競合他社の価格も確認中。", "created_at": "2026-04-07 21:15:46.102000"}'),
  ('{"activity_id": "ACT0372", "negotiation_id": "N0825", "store_id": "S002", "customer_name": "瀬戸浩二", "assigned_user_name": "高橋健一", "activity_type": "電話（発信）", "activity_date": "2026-03-12 16:00:00", "subject": "在庫入荷のご連絡", "body": "瀬戸浩二様へ架電。以前お探しだったホンダ フィットの新しい在庫が入荷したことをご連絡。走行距離や年式、グレードの詳細をお伝え。「ぜひ見てみたい」とのことで、来店アポを調整。", "created_at": "2026-04-07 21:15:46.102000"}'),
  ('{"activity_id": "ACT0373", "negotiation_id": "N0825", "store_id": "S008", "customer_name": "久保田翔", "assigned_user_name": "石井由美", "activity_type": "紹介", "activity_date": "2026-04-29 10:15:00", "subject": "既存顧客からの紹介案件", "body": "既存顧客からの紹介で久保田翔様の情報を受領。トヨタ ハリアーに興味ありとのこと。架電しアポ調整。紹介元の顧客には紹介謝礼をご案内済み。", "created_at": "2026-04-07 21:15:46.102000"}'),
  ('{"activity_id": "ACT0374", "negotiation_id": "N0825", "store_id": "S001", "customer_name": "山本裕子", "assigned_user_name": "伊藤裕太", "activity_type": "紹介", "activity_date": "2026-03-02 16:00:00", "subject": "既存顧客からの紹介案件", "body": "既存顧客からの紹介で山本裕子様の情報を受領。ホンダ フィットに興味ありとのこと。架電しアポ調整。紹介元の顧客には紹介謝礼をご案内済み。", "created_at": "2026-04-07 21:15:46.102000"}'),
  ('{"activity_id": "ACT0375", "negotiation_id": "N0825", "store_id": "S003", "customer_name": "小松隆", "assigned_user_name": "佐藤花子", "activity_type": "契約手続き", "activity_date": "2026-03-09 11:30:00", "subject": "契約完了", "body": "小松隆様来店、電子売契にて契約完了。日産 ノートの総額179万円。支払方法確定。納車予定日を調整。保険の切替についてもご案内済み。533様「対応が丁寧で安心して購入できた」とコメント。", "created_at": "2026-04-07 21:15:46.102000"}'),
  ('{"activity_id": "ACT0376", "negotiation_id": "N0830", "store_id": "S005", "customer_name": "佐野隆", "assigned_user_name": "中村恵子", "activity_type": "紹介", "activity_date": "2026-03-08 19:15:00", "subject": "既存顧客からの紹介案件", "body": "既存顧客からの紹介で佐野隆様の情報を受領。日産 ノートに興味ありとのこと。架電しアポ調整。紹介元の顧客には紹介謝礼をご案内済み。", "created_at": "2026-04-07 21:15:46.102000"}'),
  ('{"activity_id": "ACT0377", "negotiation_id": "N0830", "store_id": "S010", "customer_name": "竹内真司", "assigned_user_name": "田中太郎", "activity_type": "来店対応", "activity_date": "2026-03-19 15:45:00", "subject": "来店ヒアリング・車両確認", "body": "竹内真司様来店。マツダ CX-5の実車を確認。内装の状態に満足された様子。試乗を実施し、「走りが良い」と好感触。見積書を作成し、総額169万円（税込）で提示。下取り査定も実施。「少し検討したい」とのことで、翌週にご連絡いただく約束。", "created_at": "2026-04-07 21:15:46.102000"}'),
  ('{"activity_id": "ACT0378", "negotiation_id": "N0830", "store_id": "S007", "customer_name": "久保田翔", "assigned_user_name": "井上大輔", "activity_type": "来店対応", "activity_date": "2026-04-30 16:30:00", "subject": "再来店・家族同伴での確認", "body": "久保田翔様ご家族で再来店。スズキ ジムニーの実車をご家族にも確認いただく。ご家族全員の意見を聞き、荷室の広さや安全装備について詳しく説明。見積りの最終調整を行い、値引き後の価格で合意に近づく。", "created_at": "2026-04-07 21:15:46.102000"}'),
  ('{"activity_id": "ACT0379", "negotiation_id": "N0830", "store_id": "S010", "customer_name": "中田裕子", "assigned_user_name": "井上大輔", "activity_type": "紹介", "activity_date": "2026-03-11 16:45:00", "subject": "既存顧客からの紹介案件", "body": "既存顧客からの紹介で中田裕子様の情報を受領。ホンダ フィットに興味ありとのこと。架電しアポ調整。紹介元の顧客には紹介謝礼をご案内済み。", "created_at": "2026-04-07 21:15:46.102000"}'),
  ('{"activity_id": "ACT0380", "negotiation_id": "N0832", "store_id": "S001", "customer_name": "池田真由美", "assigned_user_name": "田中太郎", "activity_type": "紹介", "activity_date": "2026-03-20 09:45:00", "subject": "既存顧客からの紹介案件", "body": "既存顧客からの紹介で池田真由美様の情報を受領。スバル フォレスターに興味ありとのこと。架電しアポ調整。紹介元の顧客には紹介謝礼をご案内済み。", "created_at": "2026-04-07 21:15:46.102000"}'),
  ('{"activity_id": "ACT0381", "negotiation_id": "N0832", "store_id": "S007", "customer_name": "中島翔太", "assigned_user_name": "石井由美", "activity_type": "契約手続き", "activity_date": "2026-03-13 20:00:00", "subject": "契約完了", "body": "中島翔太様来店、電子売契にて契約完了。トヨタ プリウスの総額261万円。支払方法確定。納車予定日を調整。保険の切替についてもご案内済み。349様「対応が丁寧で安心して購入できた」とコメント。", "created_at": "2026-04-07 21:15:46.102000"}'),
  ('{"activity_id": "ACT0382", "negotiation_id": "N0832", "store_id": "S007", "customer_name": "斎藤恵", "assigned_user_name": "渡辺美穂", "activity_type": "メール（送信）", "activity_date": "2026-04-20 20:15:00", "subject": "来店お礼・見積書送付", "body": "斎藤恵様へ来店お礼メール送信。見積書PDF添付。日産 ノートの在庫状況として、同グレードの問合せが増えている旨をお伝え。ご不明点があればいつでもご連絡くださいと添えた。", "created_at": "2026-04-07 21:15:46.102000"}'),
  ('{"activity_id": "ACT0383", "negotiation_id": "N0832", "store_id": "S005", "customer_name": "渡部拓也", "assigned_user_name": "中村恵子", "activity_type": "来店対応", "activity_date": "2026-04-27 15:30:00", "subject": "再来店・家族同伴での確認", "body": "渡部拓也様ご家族で再来店。トヨタ ハリアーの実車をご家族にも確認いただく。ご家族全員の意見を聞き、荷室の広さや安全装備について詳しく説明。見積りの最終調整を行い、値引き後の価格で合意に近づく。", "created_at": "2026-04-07 21:15:46.102000"}'),
  ('{"activity_id": "ACT0384", "negotiation_id": "N0836", "store_id": "S008", "customer_name": "佐野隆", "assigned_user_name": "石井由美", "activity_type": "契約手続き", "activity_date": "2026-03-27 08:15:00", "subject": "契約完了", "body": "佐野隆様来店、電子売契にて契約完了。トヨタ アルファードの総額337万円。支払方法確定。納車予定日を調整。保険の切替についてもご案内済み。166様「対応が丁寧で安心して購入できた」とコメント。", "created_at": "2026-04-07 21:15:46.102000"}'),
  ('{"activity_id": "ACT0385", "negotiation_id": "N0836", "store_id": "S002", "customer_name": "相川健太", "assigned_user_name": "石井由美", "activity_type": "来店対応", "activity_date": "2026-04-28 14:45:00", "subject": "来店ヒアリング・車両確認", "body": "相川健太様来店。トヨタ プリウスの実車を確認。内装の状態に満足された様子。試乗を実施し、「走りが良い」と好感触。見積書を作成し、総額279万円（税込）で提示。下取り査定も実施。「少し検討したい」とのことで、翌週にご連絡いただく約束。", "created_at": "2026-04-07 21:15:46.102000"}'),
  ('{"activity_id": "ACT0386", "negotiation_id": "N0836", "store_id": "S010", "customer_name": "相川健太", "assigned_user_name": "石井由美", "activity_type": "電話（発信）", "activity_date": "2026-03-03 15:00:00", "subject": "フォローコール", "body": "相川健太様へ架電。先日ご来店いただいたスズキ ジムニーのご検討状況を確認。「まだ家族と相談中」とのこと。在庫状況として、同グレードの問合せが増えていることをお伝え。週末までにご回答いただける見込み。", "created_at": "2026-04-07 21:15:46.102000"}'),
  ('{"activity_id": "ACT0387", "negotiation_id": "N0836", "store_id": "S006", "customer_name": "遠藤裕子", "assigned_user_name": "加藤明美", "activity_type": "Web問合せ", "activity_date": "2026-03-07 10:30:00", "subject": "Web問合せ受信：スズキ ジムニー", "body": "遠藤裕子様よりWebフォーム経由で問合せ。スズキ ジムニーに興味あり。現在の車からの乗り換え検討中。予算は184万円以内。平日夕方か土日の来店希望。翌営業日に電話でフォロー予定。", "created_at": "2026-04-07 21:15:46.102000"}'),
  ('{"activity_id": "ACT0388", "negotiation_id": "N0837", "store_id": "S009", "customer_name": "池田真由美", "assigned_user_name": "中村麻衣", "activity_type": "電話（受信）", "activity_date": "2026-03-26 13:45:00", "subject": "初回問合せ：ホンダ ヴェゼルについて", "body": "池田真由美様より入電。Webで掲載中のホンダ ヴェゼルについて問合せ。現在の車からの乗り換えを検討中。予算は112万円前後。通勤と週末の買い物に使用予定。下取りも検討したいとのこと。来店日程を調整し、アポ確定。", "created_at": "2026-04-07 21:15:46.102000"}'),
  ('{"activity_id": "ACT0389", "negotiation_id": "N0837", "store_id": "S010", "customer_name": "山本裕子", "assigned_user_name": "加藤明美", "activity_type": "Web問合せ", "activity_date": "2026-04-03 17:00:00", "subject": "Web問合せ受信：ホンダ ヴェゼル", "body": "山本裕子様よりWebフォーム経由で問合せ。ホンダ ヴェゼルに興味あり。現在の車からの乗り換え検討中。予算は126万円以内。平日夕方か土日の来店希望。翌営業日に電話でフォロー予定。", "created_at": "2026-04-07 21:15:46.102000"}'),
  ('{"activity_id": "ACT0390", "negotiation_id": "N0837", "store_id": "S008", "customer_name": "吉川大輔", "assigned_user_name": "中村麻衣", "activity_type": "社内メモ", "activity_date": "2026-04-05 19:00:00", "subject": "商談状況の共有", "body": "吉川大輔様のトヨタ プリウス商談について店長と共有。価格交渉の余地と競合状況を分析。今後のフォロー方針を決定。顧客の温度感は中程度、継続的なフォローが必要と判断。", "created_at": "2026-04-07 21:15:46.102000"}'),
  ('{"activity_id": "ACT0391", "negotiation_id": "N0837", "store_id": "S007", "customer_name": "石井健一", "assigned_user_name": "森田沙織", "activity_type": "来店対応", "activity_date": "2026-04-18 11:00:00", "subject": "来店ヒアリング・車両確認", "body": "石井健一様来店。ホンダ フィットの実車を確認。内装の状態に満足された様子。試乗を実施し、「走りが良い」と好感触。見積書を作成し、総額173万円（税込）で提示。下取り査定も実施。「少し検討したい」とのことで、翌週にご連絡いただく約束。", "created_at": "2026-04-07 21:15:46.102000"}'),
  ('{"activity_id": "ACT0392", "negotiation_id": "N0842", "store_id": "S005", "customer_name": "渡部拓也", "assigned_user_name": "中村恵子", "activity_type": "契約手続き", "activity_date": "2026-03-01 10:15:00", "subject": "契約完了", "body": "渡部拓也様来店、電子売契にて契約完了。トヨタ プリウスの総額122万円。支払方法確定。納車予定日を調整。保険の切替についてもご案内済み。255様「対応が丁寧で安心して購入できた」とコメント。", "created_at": "2026-04-07 21:15:46.102000"}'),
  ('{"activity_id": "ACT0393", "negotiation_id": "N0842", "store_id": "S010", "customer_name": "遠藤裕子", "assigned_user_name": "小林翔太", "activity_type": "契約手続き", "activity_date": "2026-04-06 12:15:00", "subject": "契約完了", "body": "遠藤裕子様来店、電子売契にて契約完了。トヨタ ハリアーの総額318万円。支払方法確定。納車予定日を調整。保険の切替についてもご案内済み。380様「対応が丁寧で安心して購入できた」とコメント。", "created_at": "2026-04-07 21:15:46.102000"}'),
  ('{"activity_id": "ACT0394", "negotiation_id": "N0842", "store_id": "S002", "customer_name": "小松隆", "assigned_user_name": "佐藤花子", "activity_type": "電話（受信）", "activity_date": "2026-04-20 09:15:00", "subject": "初回問合せ：ホンダ フィットについて", "body": "小松隆様より入電。Webで掲載中のホンダ フィットについて問合せ。現在の車からの乗り換えを検討中。予算は472万円前後。通勤と週末の買い物に使用予定。下取りも検討したいとのこと。来店日程を調整し、アポ確定。", "created_at": "2026-04-07 21:15:46.102000"}'),
  ('{"activity_id": "ACT0395", "negotiation_id": "N0842", "store_id": "S003", "customer_name": "丸山大輔", "assigned_user_name": "松本美咲", "activity_type": "社内メモ", "activity_date": "2026-03-30 20:30:00", "subject": "商談状況の共有", "body": "丸山大輔様のトヨタ アクア商談について店長と共有。価格交渉の余地と競合状況を分析。今後のフォロー方針を決定。顧客の温度感は中程度、継続的なフォローが必要と判断。", "created_at": "2026-04-07 21:15:46.102000"}'),
  ('{"activity_id": "ACT0396", "negotiation_id": "N0847", "store_id": "S006", "customer_name": "今井恵子", "assigned_user_name": "小林大輔", "activity_type": "電話（発信）", "activity_date": "2026-04-26 19:30:00", "subject": "在庫入荷のご連絡", "body": "今井恵子様へ架電。以前お探しだったスバル フォレスターの新しい在庫が入荷したことをご連絡。走行距離や年式、グレードの詳細をお伝え。「ぜひ見てみたい」とのことで、来店アポを調整。", "created_at": "2026-04-07 21:15:46.102000"}'),
  ('{"activity_id": "ACT0397", "negotiation_id": "N0847", "store_id": "S006", "customer_name": "安藤直樹", "assigned_user_name": "渡辺美穂", "activity_type": "来店対応", "activity_date": "2026-03-18 20:15:00", "subject": "再来店・家族同伴での確認", "body": "安藤直樹様ご家族で再来店。スバル フォレスターの実車をご家族にも確認いただく。ご家族全員の意見を聞き、荷室の広さや安全装備について詳しく説明。見積りの最終調整を行い、値引き後の価格で合意に近づく。", "created_at": "2026-04-07 21:15:46.102000"}'),
  ('{"activity_id": "ACT0398", "negotiation_id": "N0847", "store_id": "S001", "customer_name": "吉川大輔", "assigned_user_name": "松本美咲", "activity_type": "メール（送信）", "activity_date": "2026-03-20 15:45:00", "subject": "来店お礼・見積書送付", "body": "吉川大輔様へ来店お礼メール送信。見積書PDF添付。ホンダ フィットの在庫状況として、同グレードの問合せが増えている旨をお伝え。ご不明点があればいつでもご連絡くださいと添えた。", "created_at": "2026-04-07 21:15:46.102000"}'),
  ('{"activity_id": "ACT0399", "negotiation_id": "N0847", "store_id": "S010", "customer_name": "中島翔太", "assigned_user_name": "小林大輔", "activity_type": "電話（受信）", "activity_date": "2026-04-05 11:15:00", "subject": "初回問合せ：トヨタ アクアについて", "body": "中島翔太様より入電。Webで掲載中のトヨタ アクアについて問合せ。現在の車からの乗り換えを検討中。予算は521万円前後。通勤と週末の買い物に使用予定。下取りも検討したいとのこと。来店日程を調整し、アポ確定。", "created_at": "2026-04-07 21:15:46.102000"}'),
  ('{"activity_id": "ACT0400", "negotiation_id": "N0849", "store_id": "S003", "customer_name": "清水拓也", "assigned_user_name": "中村麻衣", "activity_type": "社内メモ", "activity_date": "2026-03-26 14:30:00", "subject": "商談状況の共有", "body": "清水拓也様のホンダ ヴェゼル商談について店長と共有。価格交渉の余地と競合状況を分析。今後のフォロー方針を決定。顧客の温度感は中程度、継続的なフォローが必要と判断。", "created_at": "2026-04-07 21:15:46.102000"}');

-- ============================================================
-- 4. Git リポジトリ連携（API Integration）
-- ============================================================
-- Workspace から Git リポジトリに接続するための API Integration を作成します

CREATE OR REPLACE API INTEGRATION IDOM_HANDSON_GIT_API
  API_PROVIDER = git_https_api
  API_ALLOWED_PREFIXES = ('https://github.com/hwatari-snow')
  ENABLED = TRUE;

-- ============================================================
-- セットアップ完了！
-- ============================================================
-- 次に Snowsight でワークスペースを作成し、ノートブックをインポートします
--
-- 【手順】Workspace「Idom_handson」の作成
--   1. Snowsight 左メニュー → Projects → Workspaces
--   2. 右上「+」→「From Git repository」を選択
--   3. Repository URL: https://github.com/hwatari-snow/idom-handson.git
--   4. Workspace 名を「Idom_handson」に変更
--   5. API Integration: IDOM_HANDSON_GIT_API を選択
--   6. Authentication: 「Public repository」を選択（公開リポジトリのため）
--   7. 「Create」をクリック
--
-- ワークスペースが作成されると、リポジトリ内の
--   day1_notebook.ipynb / day2_notebook.ipynb
-- が自動的に表示されます。ノートブックを開いてハンズオンを開始してください

